ACTOR NAME,SOCRADAR RANK,ALIASES,SECTORS,TARGET COUNTRIES,TOTAL IOCS
Deceptikons,14,Deceptikons|DeathStalker,Finance,Switzerland|China|Israel|UAE|Russia|Jordan|Argentina|Taiwan|Cyprus|UK|Lebanon|India|Turkey,0
TAG-53,38,,,,0
Group 27,601,,,,0
Ghostwriter,668,DEV-0257|PUSHCHA|TA445|Storm-0257|UNC1151,Public Administration|Energy & Utilities |National Security&International Affairs|Transportation&Warehousing|Banking|Finance|CryptoCurrency & NFT,"Belarus|China|Russian Federation|Lithuania|Malaysia|Portugal|New Zealand|Germany|Serbia|Korea, Democratic People's Republic of|Korea, Republic of|Poland|Latvia|Ukraine|France",679
BOSS SPIDER,279,CTG-0007|Boss Spider|Gold Lowell,Educational Services|HealthCare & Social Assistance|Public Administration,,0
Rampant Kitten,631,Rampant Kitten|RampantKitten,,"Iranian minorities, anti-regime organizations and resistance movements",0
VICEROY TIGER,79,Chinastrats|Orange Kala|MONSOON|OperationHangover|ZincEmerson|ThirstyGemini|MahaGrass|Thirsty Gemini|ZINC EMERSON|G0040|OperationHangOver|ViceroyTiger|Orange Athos|SectorE02|Monsoon|Patchwork|OrangeAthos|Neon|APT-C-09|DonotTeam|ATK11|Dropping Elephant|QuiltedTiger|TG-4410|OPERATION HANGOVER|APT-C-35|OrangeKala|OPERATIONHANGOVER|Donot Team|OranngeAthos|CapricornOrganisation|ZINCEMERSON|Sarit|DroppingElephant,Other|Public Administration|National Security&International Affairs,China|Russia|Argentina|Uruguay|Indonesia|Malaysia|Middle East and Southeast Asia|Germany|Myanmar|Taiwan|Philippines|Africa and Far East|France|Romania|Israel|Jordan|Sri Lanka|Oman|Cambodia|Australia|Togo|Poland|United States|UAE|Iran|Pakistan|UK|Panama|Kuwait|India|South Korea|Austria|Nepal|Japan|Thailand|Bangladesh|Norway|Afghanistan|USA|Singapore|Canada,2329
Nightshade Panda,438,Nightshade Panda|FlowerLady|FlowerShow|APT 9|Group 27,Energy & Utilities |Public Administration,Europe|USA|Thailand|Myanmar,0
Sandman,173,Sandman,Telecommunications,"Middle East, Western Europe, and South Asia",0
Operation Sharpshooter,481,,,,0
Nomad Panda,720,,,,0
CL-STA-0043,19,,,,0
Sath-ı Müdafaa,202,,,,0
Malteiro,700,,,,0
ProjectSauron,498,ProjectSauron|Strider,Finance|Public Administration|Telecommunications|National Security&International Affairs,Russia|China|Iran|Rwanda|Sweden|Belgium,1573
Storm Cloud,325,,,,0
Callisto Group,41,Callisto Group|CallistoGroup,Public Administration|Publishing Services|National Security&International Affairs,Europe and the South Caucasus,0
Corkow,467,Metel|Corkow,Finance,Russia|Kazakhstan|Argentina|Mexico|Germany|Cyprus|Turkey|France|Switzerland|Poland|Latvia|Brazil|Denmark|Belarus|Croatia|UK|Italy|Ukraine|Austria|Estonia|Thailand|USA|Peru|Singapore|Spain,0
LofyGang,178,,,,0
Operation Triangulation,84,Operation Triangulation,,,0
ScamClub,48,,,,605
GOLD CABIN,361,Shakthak|G0127|TA551|ATK236|Monster Libra|MonsterLibra,,,1353
Harvester,103,Harvester,Public Administration|Telecommunications,Afghanistan|South Asia,0
DragonSpark,199,DragonSpark,,,0
FIN10,429,FIN10,Mining,USA|Canada,30
Solntsepek,512,,,,0
TempTick,349,,Other|Public Administration,Japan|South Korea,0
Saad Tycoon,280,,,,0
BAMBOO SPIDER,711,,,,0
SCARLETEEL,243,,,,0
Anonymous Sudan,371,,,Sudan|Sweden|Germany|France|Netherlands|Denmark,235
TERBIUM,638,Terbium,,Middle East,0
ShroudedSnooper,323,ShroudedSnooper,Telecommunications,Middle East,0
UNC4736,85,,,,0
TA2725,115,,,,0
Cyber Caliphate Army,669,United Cyber Caliphate|CyberCaliphate|CCA|IslamicStateHackingDivision|UUC|UnitedCyberCaliphate|Islamic State Hacking Division,,,0
Fox Kitten,736,Lemon Sandstorm|Fox Kitten|Parisite|UNC757|Rubidium|Pioneer Kitten|Cobalt Foxglove,Air Transportation|Manufacturing|Public Administration|Energy & Utilities |Chemical&Pharmaceutical Manufacturing|National Security&International Affairs|Mining|Telecommunications|Retail|Finance|HealthCare & Social Assistance,UAE|Israel|Finland|Australia|Malaysia|Lebanon|USA|Germany|France|Hungary|Kuwait|Saudi Arabia|Poland|Italy|Austria,0
[Unnamed groups: Russia],431,[Unnamedgroups:Russia]|[Unnamed groups: Russia],Finance,USA|Singapore|Australia|Worldwide,0
Operation SignSight,181,Operation SignSight|OperationSignSight,,Vietnam,0
EmpireMonkey,537,EmpireMonkey|Anthropoid Spider|CobaltGoblin,Finance,Malta|Worldwide,0
GreyEnergy,455,,,,9
GALLIUM,54,Red Dev 4|Alloy Taurus|Granite Typhoon|RedDev4|PhantomPanda|Gallium|GraniteTyphoon|Phantom Panda|AlloyTaurus,Finance|Public Administration|Telecommunications,,210
DragonForce Malaysia,686,DragonForceMalaysia,,India,0
UNC1549,388,,,,0
SHARK SPIDER,281,,,,0
BRONZE SPIRAL,268,,,,0
ZooPark,253,Cobalt Juno|ZooPark|APT-C-38|TG-2884|Saber Lion,,Jordan|Iran|Iraq|Egypt|Morocco|Kuwait|Kurdistan|Lebanon,1392
Blackwood,583,Blackwood,Manufacturing,China|Japan|UK,20
IronHusky,521,BBCY-TA1|IronHusky,Finance|Public Administration|National Security&International Affairs,Russia|Mongolia,29
Operation Olympic Games,134,Operation Olympic Games|OperationOlympicGames|GOSSIPGIRL,Energy & Utilities ,Iran,0
HiddenArt,435,,,,0
Operation Spalax,239,OperationSpalax|Operation Spalax,Energy & Utilities |Public Administration,Colombia,0
LAPSUS,739,Strawberry Tempest|SLIPPYSPIDER|LAPSUS$|SLIPPY SPIDER|DEV-0537|StrawberryTempest,,,1181
Storm-1044,564,DEV-1044,,,0
ItaDuke,201,SIG27|DarkUniverse,National Security&International Affairs,Belarus|Russia|UAE|Sudan|Iran|Tanzania|Afghanistan|others|Ethiopia|Syria,0
KNOCKOUT SPIDER,706,,,,0
WindShift,730,WindShift|Windy Phoenix|WindyPhoenix,Public Administration,Middle East,0
UNC215,616,UNC215,Educational Services|Public Administration|Telecommunications,"Middle East, Europe and Asia|USA|Israel",0
GozNym,157,,,,0
TEMP_Heretic,414,,,,0
TA555,553,TA555,HealthCare & Social Assistance|Telecommunications,,2
USDoD,35,,,,0
WildNeutron,74,Morpho|Sphinx Moth|SphinxMoth|Butterfly,,,0
SingularityMD,493,,,,0
Stone Panda,5,CTG-5938|Stone Panda|TA429|Granite Taurus|Cicada|menuPass|ITG01|Bronze Riverside|CVNX|Potassium|APT 10|Hogfish|Happyyongzi|Red Apollo|ATK 41|menuPass Team,Public Administration|Space & Defense|Energy & Utilities |Chemical&Pharmaceutical Manufacturing|National Security&International Affairs|Telecommunications|Electrical&Electronical Manufacturing|Finance|HealthCare & Social Assistance,China|Montenegro|Sweden|Germany|Taiwan|Belgium|Philippines|Turkey|France|Switzerland|Israel|Australia|Vietnam|Brazil|UAE|Finland|Hong Kong|South Africa|Netherlands|UK|Italy|India|South Korea|Japan|Thailand|Norway|USA|Singapore|Canada,236
BRONZE EDGEWOOD,231,Red Hariasa|RedHariasa,,Vietnam|Kyrgyzstan|Malaysia,0
TRACER KITTEN,401,Tracer Kitten,Telecommunications,"Europe, Middle East and Africa",0
Earth Estries,246,,,,0
The Gorgon Group,283,Gorgon Group|Subaat|TAG-CR5|ATK 92|Pasty Draco,Manufacturing|Public Administration,Switzerland|Russia|USA|UK|Spain,504
Zarya,441,UAC-0109,,,0
RedAlpha,370,RedAlpha|Red Dev 3|RedDev3|DeepCliff,Public Administration,Sri Lanka|Thailand|Pakistan|Myanmar|Hong Kong|India|South and Southeast Asia,1921
Pitty Panda,105,PittyTiger|Pitty Panda,Public Administration|Telecommunications|National Security&International Affairs,Europe|Taiwan,16
Operation Armor Piercer,193,OperationArmorPiercer|Operation Armor Piercer,Public Administration|National Security&International Affairs,India,0
Union Panda,592,,,,0
SWEED,266,Sweed,Energy & Utilities |Manufacturing|Finance|Professional&Technical Services|National Security&International Affairs,China|Djibouti|Russia|Monaco|Germany|Taiwan|Turkey|France|Switzerland|UAE|Hong Kong|South Africa|UK|Italy|India|South Korea|Qatar|USA|Singapore|Canada|Bosnia and Herzegovina,97
GOLD RIVERVIEW,445,,,,0
Wassonite,482,Wassonite,Mining|Energy & Utilities |Manufacturing,Japan|India|South Korea,0
TAG-28,359,TAG-28,Public Administration,India,0
VulzSecTeam,195,VulzSec,,,0
SilitNetwork,606,,,,0
Temper Panda,713,admin@338|Team338|Magnesium|Temper Panda,Finance|Public Administration|National Security&International Affairs,USA|Hong Kong,3
Avivore,233,AVIVORE,Energy & Utilities |Space & Defense|Automotive,Europe|UK,0
DEV-0950,194,LaceTempest|Lace Tempest,,,7
SLIME29,518,,Other,,0
Electric Panda,698,,,,0
Bohrium,630,BOHRIUM|SmokeSandstorm|Smoke Sandstorm,,,0
Storm-1286,339,,,,0
Storm-1133,545,,,,0
NOTROBIN,734,,,,0
WIRTE,451,,,,146
TA482,208,,,,0
Phlox Tempest,436,DEV-0796,,,0
Equation,18,,,,1029
Cobalt,7,Cobalt Gang|TAG-CR3|GoldKingswood|CobaltGang|COBALT SPIDER|GOLDKINGSWOOD|Mule Libra|ATK67|Gold Kingswood|ATK 67|GOLD KINGSWOOD|Cobalt Spider|MuleLibra|Cobalt Group|CobaltSpider|COBALTSPIDER|CobaltGroup|G0080,Retail|Finance|Electrical&Electronical Manufacturing,China|Kazakhstan|Russia|Argentina|Malaysia|Taiwan|Turkey|Armenia|Romania|Tajikistan|Jordan|Kyrgyzstan|Vietnam|Poland|Belarus|Bulgaria|Czech|Moldova|Kuwait|Netherlands|UK|Italy|Ukraine|Austria|Azerbaijan|Estonia|Thailand|USA|Georgia|Canada|Spain,5848
PARINACOTA,446,WineTempest|Wine Tempest,,,0
Flax Typhoon,559,Storm-0919|Flax Typhoon|Ethereal Panda|EtherealPanda|FlaxTyphoon,Manufacturing|Educational Services|Public Administration,"Taiwan|Southeast Asia, North America and Africa",0
Stealth Falcon,290,Stealth Falcon|FruityArmor|Project Raven,,UAE|Thailand|UK|Netherlands|Saudi Arabia,20
UNC5174,304,Uteus,,,0
Operation Red Signature,303,Operation Red Signature,,South Korea,0
Impersonating Panda,593,,,,0
[Vault 7/8],316,,,,0
DEV-0569,562,Storm-0569,,,0
Lurk,567,Lurk,Finance,Russia,0
CIRCUS SPIDER,126,Circus Spider,Energy & Utilities |Manufacturing|Transportation&Warehousing|Educational Services|HealthCare & Social Assistance|Public Administration,China|Nicaragua|Russia|Argentina|Guatemala|Malaysia|Sweden|Germany|Hungary|Belgium|France|Australia|Ireland|Chile|Vietnam|New Zealand|Saudi Arabia|Poland|Brazil|Colombia|Iran|Pakistan|South Africa|Netherlands|Italy|India|Ukraine|Austria|Nigeria|Thailand|Norway|USA|Canada|Luxembourg|Spain,0
Aurora Panda,2,Tailgater Team|Group 8|Beijing Group|Aurora Panda|Dogfish|Elderwood|Bronze Keystone|TEMP.Avengers|APT 17|ATK 2|SIG22|TG-8153|Hidden Lynx|Sneaky Panda|Deputy Dog|Elderwood Gang,Construction|Public Administration|Educational Services|Energy & Utilities |Chemical&Pharmaceutical Manufacturing|National Security&International Affairs|Mining|Retail|Agriculture&Forestry|Electrical&Electronical Manufacturing|Finance|HealthCare & Social Assistance,China|Russia|Indonesia|Germany|Taiwan|Belgium|France|Switzerland|Australia|Hong Kong|UK|Netherlands|India|Italy|South Korea|Ukraine|Japan|USA|Singapore|Canada,392
Unnamed Actor,342,,Public Administration|Civic&Social Organizations,China|Myanmar|Taiwan|Hong Kong,0
Ice Fog,63,Moshen Dragon|TEMP.Trident|Dagger Panda|Icefog|RedFoxtrot|Red Wendigo|ATK 23|Nomad Panda,Construction|Public Administration|Educational Services|Space & Defense|Energy & Utilities |Chemical&Pharmaceutical Manufacturing|National Security&International Affairs|Telecommunications|Transportation&Warehousing|Agriculture&Forestry|Electrical&Electronical Manufacturing|Finance|HealthCare & Social Assistance,"Malaysia|Panama|Hong Kong|Italy|Singapore|Ukraine|Guatemala|Curaçao|Saint Martin (French part)|Belarus|Afghanistan|China|Netherlands|Trinidad and Tobago|Philippines|Canada|Georgia|Turkey|Maldives|Kazakhstan|Aruba|Germany|Japan|Saint Vincent and the Grenadines|Sint Maarten (Dutch part)|Pakistan|Australia|Anguilla|Barbados|Mexico|Tajikistan|France|Uzbekistan|Austria|Costa Rica|India|Tanzania, United Republic of|Sri Lanka|Mongolia",30934
UNION SPIDER,715,,,,0
TA577,655,Hive0118,,,5613
Sowbug,721,Sowbug,Public Administration,Argentina|Ecuador|Brunei|Malaysia|Peru|Brazil,0
Ghost Jackal,701,,,,0
HAZY TIGER,25,T-APT-17|APT-C-08|Orange Yali|Bitter|OrangeYali,Energy & Utilities |Public Administration,"China|Kazakhstan|Mexico|Germany|Armenia|Israel|Uzbekistan|Tajikistan|Turkmenistan|Kyrgyzstan|Saudi Arabia|Poland|Brazil|Belarus|Moldova, Republic of|Pakistan|India|Ukraine|Russian Federation|Thailand|Bangladesh",2797
Evilnum,15,TA4563|EvilNum|DeathStalker|Evilnum|Jointworm|KNOCKOUTSPIDER|KNOCKOUT SPIDER,Finance|Public Administration,Israel|Czech|Australia|Albania|Cyprus|UK|Belgium|Italy|Canada|Ukraine,10706
Storm-0829,590,Nwgen Team|DEV-0829|NwgenTeam,,,0
TA579,347,,,,5
test1234abc,405,,,Andorra,0
LookBack,621,LookBack|LookingFrog|Witchetty|FlowingFrog|TA410,Energy & Utilities ,USA|Middle East and Africa,0
Operation ViceLeaker,636,Operation ViceLeaker|OperationViceLeaker,,Israel,0
Naikon,189,Billbug|Red Salamander|ITG06|Spring Dragon|Raspberry Typhoon|Bronze Elgin|Goblin Panda|Dragonfish|ATK 78|CTG-8171|Cycldek|Conimes|Override Panda|APT 30|RADIUM|Naikon|Lotus Panda|Bronze Geneva|Thrip|Hellsing|CTG-5326|Bronze Sterling|Lotus Blossom|1937CN|ATK 1,Energy & Utilities |Educational Services|Public Administration|Electrical&Electronical Manufacturing|Telecommunications|Space & Defense|National Security&International Affairs,China|Brunei|Indonesia|Malaysia|Myanmar|Taiwan|Philippines|Cambodia|Australia|Vietnam|Saudi Arabia|Laos|Hong Kong|India|South Korea|Nepal|Macao|Japan|Thailand|Bhutan|USA|Singapore|ASEAN,2130
GhostSec,124,GhostSecurity|Ghost Security,,,90
Rocke,102,AgedLibra|Aged Libra,,,1872
Raspberry Typhoon,374,RADIUM,,,0
UNC2565,310,Hive0127,,,0
DNSpionage,256,COBALTEDGEWATER|COBALT EDGEWATER|DNSpionage,Public Administration|Air Transportation|Telecommunications,UAE|Jordan|North Africa|Iraq|Libya|Egypt|Albania|USA|Sweden|Cyprus|Kuwait|Lebanon,35295
Water Curupira,588,,,,111
Equation Group,650,APT-C-39|G0020|EquationGroup|PLATINUM TERMINAL|Lamberts|PlatinumColony|theLamberts|Tilded Team|EQGRP|TildedTeam|Equation Group|Longhorn|the Lamberts|PLATINUMTERMINAL|Platinum Colony,Public Administration|Educational Services|Space & Defense|Energy & Utilities |National Security&International Affairs|Mining|Telecommunications|Transportation&Warehousing|Other,China|Kazakhstan|Russia|Nicaragua|Global|Yemen|Mexico|United Kingdom|Malaysia|Sweden|Germany|Hungary|Cyprus|Belgium|Philippines|Turkey|France|Switzerland|Kenya|Israel|Romania|Jordan|Mali|Chile|Botswana|Somalia|Saudi Arabia|Poland|Bolivia|Brazil|UAE|Palestine|Finland|Iran|Pakistan|Hong Kong|South Africa|Netherlands|UK|India|Italy|Greece|South Korea|Austria|Gabon|Venezuela|United Arab Emirates|Sudan|Algeria|Japan|Ecuador|Iraq|Nigeria|Qatar|Thailand|Bangladesh|Norway|Afghanistan|Libya|Egypt|USA|Singapore|Lebanon|Syria|Bosnia and Herzegovina|Spain,627
Dark Basin,735,,,,0
NetTraveler,634,Hammer Panda|TEMP.Zhenbao|APT 21|NetTraveler,Mining|Public Administration|National Security&International Affairs,China|Kazakhstan|Russia|Mongolia|Lithuania|Indonesia|Malaysia|Germany|Morocco|Slovenia|Belgium|Turkey|Uzbekistan|Tajikistan|Jordan|Cambodia|Australia|Kyrgyzstan|Suriname|Chile|Turkmenistan|Belarus|Iran|Pakistan|Hong Kong|UK|India|Greece|South Korea|Austria|Ukraine|Nepal|Japan|Qatar|Thailand|Bangladesh|Afghanistan|USA|Canada|Syria|Spain,1389
Cyber.Anarchy.Squad,119,CyberAnarchySquad|Cyber Anarchy Squad,,,0
Void Balaur,264,Void Balaur|Rockethack,,Russia|Kazakhstan|United Kingdom|Sweden|Germany|Taiwan|Belgium|Turkey|Armenia|France|Uzbekistan|Australia|New Zealand|Poland|Brazil|United States|Belarus|UAE|Central African Republic|Czech|Moldova|South Africa|Netherlands|UK|Portugal|India|Italy|Ukraine|Russian Federation|Sudan|Japan|Norway|Egypt|USA|Slovakia|Georgia|Canada|Spain,611
TA2719,234,,,,0
SparklingGoblin,197,,,,0
RedEcho,474,RedEcho,Energy & Utilities ,India,1
TheDarkOverlord,296,,,,0
Energetic Bear,42,Electrum|ATK 6|Dragonfly 2.0|Iron Lyric|TeamSpy Crew|Iron Liberty|ITG15|TG-4192|Ghost Blizzard|Dragonfly|SIG39|Crouching Yeti|Anger Bear|Dymalloy|Bromine|Berserk Bear|Team Bear|Koala Team|Group 24|Energetic Bear|Blue Kraken,Air Transportation|Manufacturing|Construction|Public Administration|Educational Services|Energy & Utilities |Chemical&Pharmaceutical Manufacturing|National Security&International Affairs|Mining|Other,Russia|Djibouti|Kazakhstan|Mongolia|China|Senegal|Chad|Indonesia|Sweden|Germany|Morocco|Costa Rica|Hungary|Belgium|Philippines|Turkey|France|Kenya|Romania|Switzerland|Mali|Australia|Tunisia|Vietnam|Saudi Arabia|Poland|Brazil|Iran|Benin|Croatia|Tanzania|Central-African Republic|South Africa|Netherlands|UK|Portugal|India|Italy|Ukraine|Gabon|Greece|Madagascar|Nepal|Azerbaijan|Algeria|Japan|Sudan|Thailand|Bangladesh|Bhutan|Mauritania|Egypt|Norway|USA|Slovakia|Serbia|Cote d'Ivoire|Cameroon|Georgia|Peru|Singapore|Congo|Canada|Spain,3362
Beijing Group,618,SneakyPanda|G0066|SNEAKYPANDA|SIG22|Elderwood|SneakyPanda|SNEAKYPANDA|ElderwoodGang|BeijingGroup|BeijingGroup|ElderwoodGang|Elderwood|SIG22|G0066,Other|Civic&Social Organizations,Denmark|United States|Australia|China|Taiwan|India|Hong Kong|Switzerland|United Kingdom|Canada,0
ZOMBIE SPIDER,232,,,,0
Hydrochasma,542,Hydrochasma,HealthCare & Social Assistance,Asia,0
BRONZE SPRING,122,UNC302,Construction|Educational Services|Energy & Utilities |Chemical&Pharmaceutical Manufacturing|National Security&International Affairs|Information Services|Other|HealthCare & Social Assistance|Arts & Entertainment,United States|Japan|Lithuania|Australia|United Kingdom|Sweden|Germany|Netherlands|Belgium|South Korea|Spain,0
Siesta,719,Siesta,Energy & Utilities |Transportation&Warehousing|Finance|HealthCare & Social Assistance|Public Administration|Telecommunications|National Security&International Affairs,,0
Tick,651,TEMP.Tick|Stalker Panda|Stalker Taurus|Tick|CTG-2006|Bronze Butler|RedBaldNight,Energy & Utilities |Manufacturing|Other|Public Administration|Electrical&Electronical Manufacturing|National Security&International Affairs,China|Russia|Japan|USA|Hong Kong|Taiwan|Singapore|South Korea,1362
DangerousSavanna,658,,,Senegal|Togo|Cameroon|Morocco|Ivory Coast,0
Cyber Av3ngers,90,,,,0
Cosmic Lynx,288,,,,0
CardinalLizard,572,CardinalLizard,,Russia|Philippines|Mongolia|Malaysia,0
XENOTIME,434,TEMP.Veles|ATK91|G0088|ATK 91|XENOTIME|Xenotime,Mining|Energy & Utilities |Manufacturing,Saudi Arabia|USA|others,0
UNC4990,152,,,,7
Storm-0539,20,,,,0
APT24,543,PITTYPANDA|PITTY PANDA|Temp.Pittytiger|G0011,,,0
Earth Wendigo,238,Earth Wendigo,Educational Services|Public Administration,Hong Kong|Taiwan,0
Cold River,39,Calisto|Nahrelbared|NahrElbard|CobaltEdgewater|UNC4057|Nahr Elbard|Blue Callisto|Star Blizzard|Seaborgium|Cold River|BlueCharlie|Cobalt Edgewater|ColdRiver|TAG-53|TA446|BlueCallisto|StarBlizzard|Nahr el bared,National Security&International Affairs,UAE|NATO|USA|Lebanon|India|Canada|Ukraine,6
Winter Vivern,50,WinterVivern|UNC4907|TAG-70|TA-473|Winter Vivern|TA473|UAC-0114,Public Administration|National Security&International Affairs,Europe|Estonia|Uzbekistan|Lithuania|Tunisia|USA|Slovakia|Germany|Moldova|Georgia|Poland|India|Ukraine,12
MalKamak,390,MalKamak|Operation GhostShell,Telecommunications|Space & Defense,Russia|USA|Europe and Middle East,0
Roaming Mantis,219,RoamingMantisGroup|Roaming Mantis Group,,,1323
TiltedTemple,639,DEV-0322|CircleTyphoon|Circle Typhoon,,,0
Pink Sandstorm,540,BlackShadow|DEV-0022|Agrius|Pink Sandstorm|DEV-0227|Agonizing Serpens|AMERICIUM|SharpBoys|AgonizingSerpens|PinkSandstorm,,Israel|Hong Kong|South Africa,0
TINY SPIDER,723,Tiny Spider,Retail,Worldwide,0
SandCat,726,SandCat,,Saudi Arabia|Middle East,0
Orangeworm,272,Orangeworm,Agriculture&Forestry|Manufacturing|HealthCare & Social Assistance,China|Malaysia|Sweden|Germany|Hungary|Belgium|Philippines|Turkey|France|Switzerland|Chile|Saudi Arabia|Poland|Brazil|Hong Kong|UK|Netherlands|India|Norway|USA|Canada|Spain,0
Twisted Panda,216,Twisted Panda|TwistedPanda,National Security&International Affairs,Belarus|Russia,0
ToddyCat,61,ToddyCat|Websiic,Public Administration|Telecommunications|National Security&International Affairs,Russia|Kazakhstan|Uzbekistan|Iran|Thailand|Kyrgyzstan|Afghanistan|United Kingdom|Indonesia|Vietnam|Slovakia|Pakistan|Malaysia|Taiwan|UK|India,199
MIMIC SPIDER,424,,,,0
Pale Panda,677,,,,0
DOPPEL SPIDER,167,DoppelSpider|Doppel Spider|GOLD HERON|GoldHeron|Grief Group|GOLDHERON|Gold Heron|GriefGroup,Manufacturing|Public Administration,Switzerland|Mexico|Dominican Republic|Thailand|Chile|USA|Austria|Germany|UK|Portugal|Italy|Canada|Greece|Brazil|France|Spain,377
HOUND SPIDER,125,,,,0
Moskalvzapoe,688,MAN1|TA511,,,0
AridViper,642,Mantis|ATK66|APT-C-23|FrozenCell|Two-tailedScorpion|RenegadeJackal|DESERTVARNISH|AridViper|TAG-CT1|APT-C-23|UNC718|AridViper|DESERTVARNISH|Micropsia|UNC718|DesertFalcon|RenegadeJackal|DesertFalcon,Manufacturing|Public Administration|Educational Services|Energy & Utilities |Justice & Safety Activities|National Security&International Affairs|Civic&Social Organizations|Telecommunications|Transportation&Warehousing|Electrical&Electronical Manufacturing|Finance,"Saudi Arabia|Bahrain|China|Kuwait|Qatar|Bosnia and Herzegovina|Egypt|Turkey|Palestine|Morocco|Libya|Middle East|Germany|Taiwan, Province of China|Palestine, State of|Pakistan|Belgium|United States|Canada|Australia|Norway|Sweden|Iraq|Lebanon|United Arab Emirates|Japan|Iran, Islamic Republic of|Syrian Arab Republic|Italy|Denmark|Cyprus|France|Uzbekistan|Ukraine|Algeria|Europe|Jordan|Zimbabwe|Netherlands|Korea, Republic of|Mexico|Mali|Oman|Greece|Yemen|India|Portugal|Hungary|Albania|Israel|Romania|Russian Federation|Sudan|Mauritania",277
RATPAK SPIDER,525,,,,0
Hezb,237,Mimo,,,55
WildPressure,409,WilePressure,Mining|Other,Middle East,564
Operation Soft Cell,468,,,,0
TA2536,327,,,,0
Karkadann,577,Karkadann|Piwiks,Public Administration,Middle East,0
Nazar,384,Nazar|SIG37,,,0
APT32,297,APT-LY-100|ATK 17|SeaLotus|Pond Loach|APT 32|Tin Woodlawn|OceanLotus|APT-C-00|Lotus Bane|SectorF01|Ocean Buffalo,Manufacturing|Public Administration|National Security&International Affairs|Telecommunications|Retail|Electrical&Electronical Manufacturing|Finance|HealthCare & Social Assistance,China|Brunei|Indonesia|Malaysia|Germany|Myanmar|Philippines|Cambodia|Australia|Vietnam|Denmark|Iran|Laos|UK|Netherlands|India|South Korea|Nepal|Japan|Thailand|Bangladesh|USA|Singapore|ASEAN,3979
Storm-0381,641,DEV-0381,,,0
Wekby,311,Wekby|TG-0416|Salmon Typhoo|Scandium|APT 4|Maverick Panda|TG-0623|Dynamite Panda|Sodium|Sykipot|APT 18|Samurai Panda|Wisp Team|Bronze Edison,Air Transportation|Construction|Public Administration|Educational Services|Space & Defense|National Security&International Affairs|Telecommunications|Transportation&Warehousing|Electrical&Electronical Manufacturing|HealthCare & Social Assistance,Japan|USA|Hong Kong|UK|South Korea,1389
DriftingCloud,218,,,,0
Carderbee,506,Carderbee,,Hong Kong|Asia,0
Unit 8200,37,DuquGroup|Duqu Group,Other|Public Administration|National Security&International Affairs,Sudan|Iran,0
LazyScripter,657,LazyScripter,Air Transportation,Canada,0
Danti,710,,,,0
Volt Typhoon,30,Dev-0391|Bronze Silhouette|Vanguard Panda|BronzeSilhouette|VanguardPanda|BRONZE SILHOUETTE|Insidious Taurus|InsidiousTaurus|Storm-0391|VOLTZITE|Volt Typhoon|VANGUARDPANDA|VANGUARD PANDA|VoltTyphoon|BRONZESILHOUETTE|UNC3236,Energy & Utilities |Construction|Manufacturing|Transportation&Warehousing|Educational Services|Other|Public Administration|Telecommunications,USA|India|Australia|UK,189
DragonOK,6,Bronze Overbrook|Shallow Taurus|DragonOK|Moafee,Manufacturing|Other|Public Administration|Electrical&Electronical Manufacturing|National Security&International Affairs,Tibet|Russia|“countries with national interests in the South China Sea”|Japan|Cambodia|USA|Hong Kong|Taiwan|Philippines|United States,320
xHunt,186,Cobalt Katana|Hive0081 (IBM)|HunterSerpens|Hunter Serpens|CobaltKatana|SectorD01 (NHSC)|SectorD01|Hive0081|xHunt|xHunt campaign (Palo Alto),,Kuwait,30
Smishing Triad,245,,,,0
EXOTIC LILY,263,DEV-0413,,,30
Operation Silent Skimmer,271,OperationSilentSkimmer|Operation Silent Skimmer,,USA|Asia Pacific,0
Cyber Army of Russia Reborn,73,,,,0
HenBox,338,,Civic&Social Organizations,Uighurs,950
Storm-1167,632,DEV-1167,,,0
UNC1878,679,,,,0
SCATTERED SPIDER,96,,,,192
APT 29,131,Grey-Cloud|APT 28|Grizzly Steppe|ITG11|Sednit|Dark Halo|ATK 5|Fighting Ursa|Cozy Bear|TG-4127|CloudLook|UNC3524|Iron Ritual|SilverFish|BlueBravo|Cloaked Ursa|NobleBaron|SIG40|APT 29|Midnight Blizzard|Solar Phoenix|SolarStorm|ITG05|UNC2452|TEMP.Monkeys|TA422|Blue Athena|ATK 7|T-APT-12|Nobelium|Swallowtail|Cranefly|The Dukes|Fancy Bear|Iron Twilight|Group 74|BlueDelta|Tsar Team|Group 100|UAC-0028|Forest Blizzard|Sofacy|Blue Dev 5|TAG-0700|FROZENLAKE|Iron Hemlock|Strontium|StellarParticle|Yttrium|Minidionis|Pawn Storm|Snakemackerel,Air Transportation|Construction|Public Administration|Educational Services|Space & Defense|Energy & Utilities |Automotive|Chemical&Pharmaceutical Manufacturing|National Security&International Affairs|Mining|Telecommunications|Transportation&Warehousing|Other|Finance|HealthCare & Social Assistance,China|Kazakhstan|Russia|Mongolia|Montenegro|Lithuania|Mexico|Malaysia|Sweden|Germany|Cyprus|Hungary|Slovenia|Belgium|Turkey|France|Armenia|Romania|Switzerland|Israel|Uzbekistan|Tajikistan|Jordan|Australia|Ireland|Kyrgyzstan|Chile|New Zealand|Saudi Arabia|Poland|Latvia|Brazil|Denmark|Uganda|Belarus|UAE|Bulgaria|APEC and OSCE|Iran|Czech|Croatia|NATO|Pakistan|UK|Netherlands|South Africa|Portugal|India|Italy|South Korea|Ukraine|Azerbaijan|Japan|Iraq|Thailand|Chechnya|Norway|Afghanistan|USA|Slovakia|Georgia|Singapore|Lebanon|Canada|Luxembourg|Spain,6628
GOLD SOUTHFIELD,356,,,,5
Sands Casino,682,,,,0
Volatile Cedar,620,Dancing Salome|Volatile Cedar|DeftTorero,Educational Services|Public Administration,UAE|Russia|Israel|Jordan|Egypt|Lebanon|USA|Palestinian Authority|UK|Saudi Arabia|Canada,223
MoustachedBouncer,207,MoustachedBouncer,Public Administration|National Security&International Affairs,Europe|Belarus|Eastern Europe|Northeast Africa|South Asia,43
Water Orthrus,236,,,,0
APT9,742,NIGHTSHADEPANDA|NIGHTSHADEPANDA|Group27|RedPegasus|RedPegasus|Group27,Construction|Space & Defense|Chemical&Pharmaceutical Manufacturing|National Security&International Affairs|HealthCare & Social Assistance,United States,0
GOLD SYMPHONY,295,,,,0
TA530,696,TA530,Manufacturing|Construction|Educational Services|Energy & Utilities |Automotive|Chemical&Pharmaceutical Manufacturing|Telecommunications|Transportation&Warehousing|Retail|Agriculture&Forestry|Electrical&Electronical Manufacturing|Finance|HealthCare & Social Assistance,USA|Australia|UK,12
DUNGEON SPIDER,140,,,,0
Operation PseudoManuscrypt,505,Operation PseudoManuscrypt|OperationPseudoManuscrypt,Energy & Utilities |Construction|Manufacturing|Other|Public Administration|National Security&International Affairs,Worldwide,0
Flash Kitten,254,,,,0
Whitefly,527,Bronze Walker|Whitefly|TEMP.Mimic|Mofang|Superman|SectorM04|ATK 83,Energy & Utilities |HealthCare & Social Assistance|Public Administration|Telecommunications|National Security&International Affairs|Automotive,USA|Germany|Myanmar|Singapore|India|Canada|South Korea,0
GOLD GARDEN,292,,,,0
TA406,176,,Public Administration|Publishing Services,China|Russia|Japan|North America|United Kingdom|Germany|South Africa|India|South Korea|France,0
Foxy Panda,611,,,,0
GOLD WINTER,204,,,,147
Sandman APT,369,,Public Administration|Telecommunications,Yemen|South Sudan|Turkey|France|Sri Lanka|Oman|Saudi Arabia|Middle East|Iran|Pakistan|Kuwait|India|United Arab Emirates|Sudan|Iraq|Libya|Afghanistan|Egypt|Southeast Asian,0
Operation Shadow Force,314,,,,0
Opal Sleet,100,OSMIUM|Konni|Vedalia|OSMIUM|Konni|Vedalia,,,66
FIN1,653,,,,0
Carmine Tsunami,68,DEV-0196|QuaDream,,,0
Scattered Canary,483,,,,0
HummingBad,273,,,,15
TraderTraitor,112,JadeSleet|UNC4899|JadeSleet|UNC4899,,,0
Cotton Sandstorm,225,HolySouls|Emennet Pasargad|Holy Souls|EmennetPasargad|NEPTUNIUM|MARNANBRIDGE,Energy & Utilities |Finance|Public Administration|Electrical&Electronical Manufacturing|Telecommunications|Civic&Social Organizations,Europe|Middle East|Israel|United States,0
Tomiris,277,Tomiris,Public Administration,Commonwealth of Independent States (CIS),762
Water Labbu,447,,,,0
Operation Shady RAT,344,Operation Shady RAT|OperationShadyRAT,Energy & Utilities |Other|Public Administration|Telecommunications,Switzerland|Japan|Indonesia|USA|Vietnam|Germany|Hong Kong|Taiwan|Singapore|UK|India|Canada|South Korea|Denmark,0
SOLAR SPIDER,556,,,,23
GOLD NORTHFIELD,452,,,,0
Returned Libra,171,8220MiningGroup|8220 Mining Group,,,7
DarkHydrus,114,ATK 77|LazyMeerkat|Obscure Serpens|DarkHydrus,Educational Services|Public Administration,Middle East|Iran,4
PROMETHIUM,94,Promethium|APT-C-41|StrongPity,,Senegal|Germany|Morocco|Belgium|Turkey|France|Tunisia|Vietnam|Poland|Colombia|South Africa|Netherlands|India|Italy|Algeria|Iraq|Egypt|USA|Cote d'Ivoire|Canada|Syria,2799
Overthinker1877,692,,,,0
Operation RusticWeb,443,Operation RusticWeb|OperationRusticWeb,Public Administration|National Security&International Affairs,India,0
BOSON SPIDER,511,,,,0
MUMMY SPIDER,159,GOLDCRESTWOOD|GOLD CRESTWOOD|TA542,,,2088
APT-C-27,287,GoldMouse|Golden RAT|ATK80|APT-C-27|GoldenRAT,,,0
Red Nue,504,LuoYu,,,13
PINCHY SPIDER,108,Gold Garden|Pinchy Spider|Gold Southfield,,Worldwide,0
Operation ShadowHammer,378,,,,0
HookAds,412,,,,0
Poisonous Panda,687,,,,0
UAC-0184,353,,,,4
Hacking Team,731,,,,81
FIN13,741,Elephant Beetle|FIN13|TG2003|ElephantBeetle,,Mexico|Latin America,0
UAC-0099,313,,,,0
Operation Dragon Castling,491,Operation Dragon Castling|OperationDragonCastling,,Philippines|Hong Kong|Taiwan,0
Starry Addax,428,,,,12
SALTY SPIDER,423,,,,0
Iron Group,136,IronCyberGroup|Iron Cyber Group,,,0
GCMAN,315,GCMAN,Finance,Russia,1389
WIRTE Group,389,WIRTEGroup|WhiteDev21|WIRTE Group|White Dev 21,Public Administration|National Security&International Affairs,Middle East,0
UNC2630,81,,,,0
Red October,267,theRocra,Other|Public Administration,India|Afghanistan|Armenia|Belgium|Ukraine|United States|Vietnam|Azerbaijan|Greece|Turkmenistan|Kazakhstan|Belarus|Italy,142
APT28,49,Grey-Cloud|BlueAthena|Grizzly Steppe|Sednit|GrizzlySteppe|Fighting Ursa|FANCYBEAR|G0007|APT28|TG-4127|IronTwilight|SIG40|ATK5|TsarTeam|PawnStorm|FancyBear|Group74|SNAKEMACKEREL|ITG05|APT-C-20|IRONTWILIGHT|TA422|Blue Athena|T-APT-12|Swallowtail|IRON TWILIGHT|ThreatGroup-4127|Threat Group-4127|Fancy Bear|BlueDelta|Group 74|FANCY BEAR|Tsar Team|ForestBlizzard|UAC-0028|Forest Blizzard|Sofacy|FightingUrsa|TAG-0700|FROZENLAKE|Strontium|Pawn Storm|Snakemackerel|STRONTIUM,Air Transportation|Manufacturing|Construction|Public Administration|Educational Services|Space & Defense|Energy & Utilities |Automotive|Chemical&Pharmaceutical Manufacturing|National Security&International Affairs|Mining|Telecommunications|Transportation&Warehousing|Electrical&Electronical Manufacturing|Other|Finance|Professional&Technical Services|HealthCare & Social Assistance,"China|Kazakhstan|Mongolia|Montenegro|Mexico|Lithuania|United Kingdom|Malaysia|Sweden|Germany|Iran, Islamic Republic of|Hungary|Cyprus|Belgium|Turkey|France|Armenia|Switzerland|Romania|Israel|World Anti-Doping Agency|Tajikistan|Jordan|Uzbekistan|Australia|Turkmenistan|Kyrgyzstan|International Association of Athletics Federations|Chile|Saudi Arabia|Poland|Latvia|Brazil|Uganda|United States|Belarus|UAE|Bulgaria|Moldova, Republic of|Iran|APEC and OSCE|Central African Republic|Croatia|NATO|European Commission|Pakistan|South Africa|Netherlands|UK|India|OSCE|Greece|Ukraine|South Korea|Italy|Austria|Azerbaijan|United Arab Emirates|Russian Federation|Japan|Iraq|Thailand|Norway|Afghanistan|USA|Slovakia|Georgia|Korea, Republic of|Canada|Asia Pacific Economic Cooperation|Luxembourg|Spain",1449
CLOCKWORK SPIDER,169,,,,83
Chimera,502,Chimera,Electrical&Electronical Manufacturing|Air Transportation,different geographical areas|Taiwan|Netherlands,104
Daixin Team,407,,,,0
Nitro,128,Covert Grove|Nitro,Chemical&Pharmaceutical Manufacturing|Electrical&Electronical Manufacturing|Automotive,China|Russia|Argentina|Sweden|Germany|Taiwan|France|Finland|Czech|Hong Kong|UK|Netherlands|India|South Korea|Japan|Bangladesh|Norway|USA|Singapore|Canada,1611
Caliente Bandits,360,TA2721,,,0
APT 31,24,Zirconium|Red Keres|APT 31|RedBravo|Judgment Panda|TA412|Bronze Vinewood|Violet Typhoon,,Belarus|Russia|Finland|Mongolia|Norway|USA|UK|Canada|France,0
Kasablanka,251,,,,0
Deadeye Jackal,10,SEA|SyrianElectronicArmy|SyrianElectronicArmy|SEA,,,0
COBALT JUNO,258,APT-C-38 (QiAnXin)|TG-2884(SCWXCTU)|APT-C-38(QiAnXin)|SABER LION|TG-2884 (SCWX CTU)|SABERLION,,,0
WOLF SPIDER,661,FIN4|Wolf Spider,Finance|HealthCare & Social Assistance|Chemical&Pharmaceutical Manufacturing,,0
Velvet Tempest,138,DEV-0504,,,0
Soft Cell,399,,,,295
UNC5291,672,,,,0
TA413,458,White Dev 9|TA413|WhiteDev9,,Tibet|China|Russian Federation|Europe|Nepal|India|Italy|Philippines,287
InvisiMole,663,InvisiMole|UAC-0035,Public Administration|National Security&International Affairs,Russia|Ukraine|Eastern Europe,559
Molerats,560,Extreme Jackal|TAG-CT5|ATK 89|TA402|Gaza Cybergang|Molerats|Gaza Hackers Team|Aluminum Saratoga,Public Administration|Space & Defense|Energy & Utilities |National Security&International Affairs|Mining|Telecommunications|Electrical&Electronical Manufacturing|Finance,China|Russia|the BBC and the Office of the Quartet Representative|Yemen|Germany|Morocco|Macedonia|Slovenia|Turkey|Israel|Jordan|Oman|Chile|New Zealand|Somalia|Saudi Arabia|Latvia|Denmark|UAE|Palestine|Iran|Kuwait|UK|India|South Korea|Algeria|Iraq|Qatar|Libya|Afghanistan|Egypt|USA|Serbia|Lebanon|Canada|Syria,1440
TA499,16,Lexus|Vovan,,,0
UAC-0006,544,,,,0
GOLD GALLEON,293,,,,0
Chamelgang,57,ChamelGang,Energy & Utilities |Public Administration|Air Transportation,Russia|Russian Federation|US|Japan|Nepal|Lithuania|Afghanistan|USA|Vietnam|Taiwan|India|Turkey|United States,20
TA444,595,,,,0
RUBYCARP,392,,,,17
DarkCasino,419,DarkCasino|Water Hydra,Finance,Switzerland|Ireland|Canada|France|Cyprus|Singapore|Poland|Philippines|Malta|Armenia|Spain,17
LockBit Gang,91,LockBit Gang|Bitwise Spider,Energy & Utilities |Transportation&Warehousing|Finance|HealthCare & Social Assistance|Air Transportation|National Security&International Affairs,Worlwide,0
Operation Manul,343,Operation Manul|OperationManul,,Europe,0
NewsPenguin,400,,,,0
UNC5325,358,,,,0
RASPITE,524,Flash Kitten|Raspite|Leafminer,Energy & Utilities |Transportation&Warehousing|Finance|Public Administration,Israel|USA|Kuwait|Lebanon|Europe and East Asia,0
White Bear,166,SkipperTurla|Skipper Turla,Other|Public Administration,Uzbekistan|South Korea|United Kingdom|United States,0
RomCom,53,Storm-0978|Storm-0978,,"Thailand|Indonesia|Japan|Ukraine|Brunei Darussalam|Germany|Korea, Democratic People's Republic of|Belgium",836
Dizzy Panda,707,LadyBoyle,,,0
Mogilevich,558,,,,0
TetrisPhantom,625,,,,0
LUNAR SPIDER,309,GOLDSWATHMORE|GOLD SWATHMORE,,,2213
TA505,395,Spandex Tempest|TEMP.Warlock|Graceful Spider|ATK 103|SectorJ04|Gold Tahoe|Chimborazo|Hive0065|TA505|Gold Evergreen,Retail|Finance|Educational Services|HealthCare & Social Assistance,Worldwide,4747
UltraRank,333,UltraRank,,,0
Caracal Kitten,185,APT-Q-58,,,0
Antlion,381,Antlion,Manufacturing|Finance,Taiwan,0
ViceLeaker,613,,,,0
Gibberish Panda,684,,,,0
Storm-1295,377,DEV-1295,,,0
Domestic Kitten,724,BouncingGolf|DomesticKitten|Domestic Kitten|APT-C-50|Bouncing Golf,,Uzbekistan|Iran|Iraq|Afghanistan|USA|Pakistan|UK|Turkey,85
Lazarus Group,101,UNC2970|UNC4899|TraderTraitor|Appleworm|Labyrinth Chollima|Gods Apostles|Diamond Sleet|ITG03|Zinc|UNC4736|APT-C-26|Gods Disciples|SectorA01|NewRomanic Cyber Army Team|Guardians of Peace|Hidden Cobra|ATK 3|DEV-0139|Group 77|UNC4034|Hastati Group|Jade Sleet|Lazarus Group|UNC577|Whois Hacking Team|TA404,Energy & Utilities |Finance|HealthCare & Social Assistance|Public Administration|Electrical&Electronical Manufacturing|Space & Defense|National Security&International Affairs,China|Russia|Worldwide (WannaCry)|Guatemala|Mexico|Germany|Taiwan|Belgium|Philippines|France|Israel|Australia|Chile|Vietnam|Poland|Brazil|Hong Kong|South Africa|Netherlands|UK|India|South Korea|Japan|Ecuador|Thailand|Bangladesh|USA|Canada,12620
COBALT DICKENS,210,Yellow Nabu|TA4900|Mabna Institute|Cobalt Dickens|Silent Librarian|TA407,Educational Services,Switzerland|China|Israel|Japan|Australia|USA|Hong Kong|UK|Canada|Turkey,0
[Unnamed groups: North Korea],200,[Unnamed groups: North Korea]|[Unnamedgroups:NorthKorea],,USA|France,0
Test Panda,475,,,,2
CHRYSENE,120,Magic Hound|Mint Sandstorm|Parastoo|Crambus|OilRig|TA453|Chrysene|EUROPIUM|Ajax Security Team|ITG13|TEMP.Beanie|Timberworm|Rocket Kitten|Cobalt Illusion|APT 35|Helix Kitten|IRN2|TunnelVision|Evasive Serpens|Ballistic Bobcat|Group 26|DEV-0861|TG-2889|APT 34|Twisted Kitten|Yellow Maero|Flying Kitten|TA452|ATK 40|Tarh Andishan|CharmingCypress|Cobalt Gypsy|Cutting Kitten|Hazel Sandstorm|Educated Manticore|Yellow Garuda|Charming Kitten|Phosphorus|Group 83|NewsBeef|Scarred Manticore|Cobalt Mirage|Newscaster|UNC788,Air Transportation|Manufacturing|Construction|Public Administration|Educational Services|Space & Defense|Energy & Utilities |Chemical&Pharmaceutical Manufacturing|National Security&International Affairs|Mining|Telecommunications|Transportation&Warehousing|Electrical&Electronical Manufacturing|Finance|HealthCare & Social Assistance,China|Bahrain|Kazakhstan|Russia|Yemen|Mexico|Germany|Morocco|Belgium|Turkey|France|Romania|Israel|Jordan|Oman|Saudi Arabia|Brazil|UAE|Iran|Albania|Pakistan|Kuwait|Netherlands|UK|India|South Korea|Ukraine|Venezuela|Azerbaijan|Algeria|Japan|Iraq|Qatar|Gaza|Afghanistan|Egypt|USA|Lebanon|Mauritius|Canada|Syria|Spain,6334
Snake Wine,453,Snake Wine,Educational Services|Other|Public Administration,Japan,0
Leviathan,357,Mudcarp|ISLANDDREAMS|APT 40|ATK 29|TEMP.Jumper|Gingham Typhoon|Kryptonite Panda|Red Ladon|TA423|TEMP.Periscope|ITG09|Leviathan|Bronze Mohawk|Gadolinium,Manufacturing|Transportation&Warehousing|Public Administration|National Security&International Affairs,Switzerland|Cambodia|Thailand|Norway|Indonesia|Laos|Malaysia|USA|Vietnam|Germany|Hong Kong|Myanmar|New Zealand|UK|Saudi Arabia|Belgium|Philippines|Asia Pacific Economic Cooperation (APEC),2781
BackdoorDiplomacy,240,,,,128
APT-Q-12,694,,,,0
Gangnam Industrial Style,221,GangnamIndustrialStyle|Gangnam Industrial Style,Manufacturing,China|Japan|Ecuador|Thailand|Indonesia|Germany|UK|South Korea|Turkey,0
Operation WizardOpium,312,Operation WizardOpium,,South Korea,0
GOLD EVERGREEN,626,,,,0
Operation Black Atlas,600,Operation Black Atlas|OperationBlackAtlas,Manufacturing|Retail|Finance|HealthCare & Social Assistance,Australia|Chile|USA|Germany|Taiwan|UK|India,0
Axiom,33,Bronze Olive|APT 22|Axiom|Wicked Spider|Group 72|Bronze Export|Winnti Group|Wicked Panda,Air Transportation|Manufacturing|Public Administration|Educational Services|Space & Defense|Chemical&Pharmaceutical Manufacturing|National Security&International Affairs|Telecommunications|Electrical&Electronical Manufacturing|Other|Finance|HealthCare & Social Assistance,Belarus|Russia|China|Philippines|Japan|Thailand|elsewhere|Indonesia|USA|Sweden|Germany|Vietnam|Taiwan|Peru|India|South Korea|Turkey|Brazil,7043
Operation Jacana,442,OperationJacana|Operation Jacana,,Guyana,0
BladeHawk,494,,Public Administration,Kurdistan,0
Operation Bandidos,533,OperationBandidos|Operation Bandidos,,Venezuela,0
WeRedEvils,586,,,,0
MuddyWater,31,T-APT-14|TEMP.Zagros|MuddyWater|Mercury|ITG17|Yellow Nix|Static Kitten|TA450|Mango Sandstorm|ATK 51|Seedworm|Boggy Serpens|Cobalt Ulster,Public Administration|Educational Services|Energy & Utilities |National Security&International Affairs|Mining|Telecommunications|Transportation&Warehousing|Agriculture&Forestry|Electrical&Electronical Manufacturing|Finance|HealthCare & Social Assistance|Arts & Entertainment,Bahrain|Russia|Turkey|Armenia|Israel|Tajikistan|Jordan|Mali|Oman|Tunisia|Saudi Arabia|Belarus|UAE|Iran|Tanzania|Laos|Pakistan|Kuwait|Netherlands|India|Ukraine|Austria|Azerbaijan|Sudan|Iraq|Qatar|Thailand|Afghanistan|Egypt|USA|Georgia|Lebanon,7687
UTA0218,175,,,,39
Gray Sandstorm,570,DEV-0343,,,0
Radio Panda,645,ShroudedCrossbow|ShroudedCrossbow,,,0
SVCMONDR,373,APT 16|SVCMONDR,Finance|Public Administration|Electrical&Electronical Manufacturing,Thailand|Japan|Taiwan,2
TA402,604,,,,0
MAGNETIC SPIDER,496,,,,0
VENOM SPIDER,336,Venom Spider|Golden Chickens,Retail|Finance|Chemical&Pharmaceutical Manufacturing,USA,0
Pearl Sleet,350,DEV-0215|LAWRENCIUM,,,0
Pirate Panda,13,Pirate Panda|KeyBoy|Earth Centaur|APT 23|Bronze Hobart|Tropic Trooper|Iron,Transportation&Warehousing|HealthCare & Social Assistance|Public Administration|Electrical&Electronical Manufacturing|National Security&International Affairs,Tibet|Vietnam|Hong Kong|Taiwan|India|Philippines,1728
OldGremlin,139,OldGremlin,Finance|HealthCare & Social Assistance,Russia,0
Earth Lusca,29,TAG-22|Fishmonger|RedHotel,Educational Services|Public Administration|Telecommunications|Space & Defense,Nepal|Palestine|Czech|Cambodia|Bhutan|Bangladesh|Afghanistan|Laos|Malaysia|Thailand|USA|Pakistan|Hong Kong|Taiwan|Vietnam|India|Philippines,1477
[Unnamed group],535,,,,6147
UAC-0050,52,,,Germany|Ukraine,138
Moshen Dragon,490,,,,0
SilverTerrier,555,,,,371
POLONIUM,417,GREATRIFT|PlaidRain|Plaid Rain|UNC4453|Polonium,Manufacturing|Public Administration|Insurance|Chemical&Pharmaceutical Manufacturing|National Security&International Affairs|Civic&Social Organizations|Telecommunications|Transportation&Warehousing|Agriculture&Forestry|Information Services|Finance|HealthCare & Social Assistance,Lebanon|Israel,28
BlackOasis,319,BlackOasis,,Bahrain|Russia|Jordan|Iran|Iraq|Nigeria|Libya|Afghanistan|Tunisia|UK|Netherlands|Saudi Arabia|Angola,0
PhantomCore,206,,,,0
Desert Falcons,188,Renegade Jackal|TAG-CT1|Desert Falcon|TAG-63|AridViper|DesertFalcons|Two-tailedScorpion|ATK66|ATK 66|Two-tailed Scorpion|Desert Falcons|DESERTVARNISH|Arid Viper|UNC718|Mantis|APT-C-23,Public Administration|Educational Services|Energy & Utilities |Justice & Safety Activities|National Security&International Affairs|Civic&Social Organizations|Telecommunications|Transportation&Warehousing|Electrical&Electronical Manufacturing|Finance,China|Russia|Yemen|Zimbabwe|Mexico|Sweden|Germany|Taiwan|Hungary|Cyprus|Morocco|Belgium|Turkey|France|Europe|Romania|Israel|Uzbekistan|Jordan|Mali|Australia|Saudi Arabia|Denmark|United States|Middle East|UAE|Palestine|Iran|Albania|Pakistan|Kuwait|Netherlands|Portugal|India|Italy|Greece|Ukraine|South Korea|Sudan|Algeria|Japan|Iraq|Qatar|Norway|Libya|Egypt|Mauritania|USA|Lebanon|Canada|Syria|Bosnia and Herzegovina,0
APT3,495,Buckeye|TG-0110|APT 3|Gothic Panda|Red Sylvan|Group 6|Bronze Mayfair|UPS Team,Construction|Manufacturing|Transportation&Warehousing|Electrical&Electronical Manufacturing|Telecommunications|Space & Defense|National Security&International Affairs,Sweden|Belgium|Italy|UK|Hong Kong|Luxembourg|USA|Vietnam|Philippines,0
TA570,363,DEV-0450,,,2151
FunnyDream,393,Bronze Edgewood|BronzeEdgewood|TAG-16|Red Hariasa|RedHariasa|FunnyDream,Public Administration,Thailand|Kyrgyzstan|Indonesia|Malaysia|Vietnam|Taiwan|Philippines,84
UNC5330,262,,,,0
WildCard,72,WildCard,Educational Services|Other,Israel,0
Storm-1674,566,,,,0
PassCV,582,PassCV,,Europe|China|Russia|USA|Taiwan|South Korea,1955
Earth Krahang,665,Earth Krahang,Manufacturing|Public Administration|Educational Services|National Security&International Affairs|Telecommunications|Retail|Finance|HealthCare & Social Assistance,Kazakhstan|Argentina|Mexico|Indonesia|Malaysia|Myanmar|Morocco|Hungary|Turkey|Romania|Israel|Uzbekistan|Tajikistan|Jordan|Sri Lanka|Oman|Cambodia|Kyrgyzstan|Vietnam|Saudi Arabia|Bolivia|Brazil|UAE|Laos|Pakistan|South Africa|UK|India|South Korea|Ecuador|Nigeria|Rwanda|Thailand|Bangladesh|Egypt|USA|Peru,196
Operation Skeleton Key,182,,,,0
Anchor Panda,21,QAZTeam|Anchor Panda|APT 14|Aluminum,Other|Public Administration|Space & Defense|National Security&International Affairs,Australia|USA|Sweden|Germany|others|UK,1390
ELECTRUM,71,UAC-0113|Voodoo Bear|Quedagh|ATK 14|TEMP.Noble|IRIDIUM|FROZENBARENTS|TeleBots|UAC-0082|Sandworm Team|Seashell Blizzard|Iron Viking|BE2|Sandworm|CTG-7263,Energy & Utilities |Transportation&Warehousing|Finance|Educational Services|Other|Public Administration|Telecommunications,Kyrgyzstan|Denmark|Georgia|Ukraine|Lithuania|Russia|Kazakhstan|Worldwide (NotPetya)|Iran|Israel|Poland|Azerbaijan|France|Belarus,2217
GhostR,87,,,,0
OurMine,212,,,,0
SunCrypt Gang,223,SunCryptGang|SunCrypt Gang,,,0
Cyber fighters of Izz Ad-Din Al Qassam,198,Fraternal Jackal|FraternalJackal,,,0
DefrayX,330,Hive0091,,,0
FIN6,174,ATK 88|ITG08|Skeleton Spider|Gold Franklin|FIN6|Camouflage Tempest|TAAL|TAG-CR2|White Giant,Energy & Utilities |Manufacturing|Retail|HealthCare & Social Assistance|Chemical&Pharmaceutical Manufacturing,,443
DEV-0270,36,Nemesis Kitten|NemesisKitten|Storm-0270,,,19
Aslan Neferler Tim,492,Phantom Turk|Lion Soldiers Team|PhantomTurk|LionSoldiersTeam,,,0
Storm-1575,387,,,,3
GOLD FLANDERS,488,,,,0
WeedSec,328,,,,0
GOLD DUPONT,406,Gold Dupont|Sprite Spider,Manufacturing|Educational Services|HealthCare & Social Assistance|Electrical&Electronical Manufacturing,,52
ANDROMEDA SPIDER,693,,,,0
BRONZE STARLIGHT,536,EmperorDragonfly|Cinnamon Tempest|Operation ChattyGoblin|SLIME34|CinnamonTempest|Emperor Dragonfly|Bronze Starlight|DEV-0401|BronzeStarlight|OperationChattyGoblin,,Southeast Asia|Philippines,76
Scarlet Mimic,257,Golfing Taurus|Scarlet Mimic,,Tibetan and Uyghur activists as well as those who are interested in their causes,53
MurenShark,432,Actor210426,,,0
Just Evil,110,,Air Transportation,United States,0
TRAVELING SPIDER,113,Gold Mansard|Traveling Spider,,China|Russia|Argentina|Guatemala|Lithuania|Indonesia|Malaysia|Sweden|Germany|Morocco|Hungary|Belgium|Philippines|Turkey|France|Chile|Vietnam|Poland|Latvia|Bolivia|Brazil|Denmark|UAE|Ghana|Iran|Czech|Niger|Pakistan|South Africa|Netherlands|UK|Portugal|India|Italy|Guinea|South Korea|Austria|Ukraine|Venezuela|Estonia|Nepal|Algeria|Japan|Ecuador|Thailand|Bhutan|Libya|Egypt|USA|Slovakia|Canada|Luxembourg|Spain,0
Spicy Panda,678,,,,0
GOLD MANSARD,581,,,,0
RedGolf,449,RedGolf,Information Services|Educational Services|Arts & Entertainment|Public Administration|Air Transportation|Automotive,USA,113
SMOKY SPIDER,403,,,,151
TA558,143,TA558,Construction|Public Administration|Educational Services|Energy & Utilities |Chemical&Pharmaceutical Manufacturing|Transportation&Warehousing|Other|Finance|HealthCare & Social Assistance,Russia|Argentina|Guatemala|Mexico|Uruguay|Indonesia|Germany|Morocco|Costa Rica|Macedonia|Slovenia|Turkey|Romania|Chile|Poland|Brazil|Bulgaria|Colombia|Czech|Pakistan|India|South Korea|Algeria|Ecuador|Dominican Republic|Thailand|USA|Serbia|Peru|Lebanon|Spain,589
TA800,440,,,,0
Operation TunnelSnake,172,OperationTunnelSnake|Operation TunnelSnake,,Asia and Africa,0
Cadelle,712,Cadelle,,UAE|Sudan|Tajikistan|Iran|Iraq|Thailand|USA|Pakistan|Germany|Singapore|Netherlands|Saudi Arabia|UK|Turkey,0
CostaRicto,249,CostaRicto,,China|Bahamas|Czech|Australia|Bangladesh|USA|Austria|Singapore|Netherlands|Portugal|India|Mozambique|France,0
Gallmaker,192,Gallmaker,Public Administration|National Security&International Affairs,Eastern Europe and Middle East,0
Yanbian Gang,142,,,Japan|South Korea,0
Turla Group,17,WebMasters|Pacifier APT|APT 26|Iron Hunter|Shell Crew|Turbine Panda|KungFu Kittens|Makersmark|SUMMIT|Blue Python|JerseyMikes|TAG-0530|Waterbug|CTG-8875|SIG2|Bronze Express|UNC4210|Wraith|Secret Blizzard|Turla|Pensive Ursa|Venomous Bear|PinkPanther|SIG23|Black Vine|Belugasturgeon|ITG12|ATK 13|SIG15|Krypton|Group 88|Popeye|Group 13,Air Transportation|Public Administration|Educational Services|Space & Defense|Energy & Utilities |Chemical&Pharmaceutical Manufacturing|National Security&International Affairs|Telecommunications|Retail|Agriculture&Forestry|Electrical&Electronical Manufacturing|Finance|HealthCare & Social Assistance,China|Kazakhstan|Russia|Yemen|Mexico|Uruguay|Indonesia|Southeast Asia|Sweden|Germany|Hungary|Belgium|France|Armenia|Romania|Switzerland|Uzbekistan|Tajikistan|Jordan|Australia|Kyrgyzstan|Turkmenistan|Chile|Tunisia|Vietnam|Botswana|Saudi Arabia|Poland|Latvia|Bolivia|Brazil|Denmark|Belarus|Finland|Iran|Pakistan|Hong Kong|Jamaica|UK|Kuwait|Netherlands|South Africa|Italy|India|Ukraine|Austria|Venezuela|Azerbaijan|Estonia|Algeria|Ecuador|Iraq|Qatar|Thailand|Afghanistan|USA|Serbia|Georgia|Paraguay|Canada|Syria|Spain,13086
Mana Team,242,,,,0
Groundbait,709,,,,0
DEV-1028,476,,,,0
NARWHAL SPIDER,439,TA544|GOLD ESSEX|GOLDESSEX,,,118
FIN7,43,Calcium|ATK 32|Gold Waterfall|TAG-CR1|Navigator|FIN7|ELBRUS|Gold Niagara|Sangria Tempest|Carbon Spider|Carbanak|APT-C-11|Anunak|ITG14,Construction|Public Administration|Educational Services|Energy & Utilities |Telecommunications|Transportation&Warehousing|Retail|Agriculture&Forestry|Electrical&Electronical Manufacturing|Finance|HealthCare & Social Assistance,China|Russia|Sweden|Germany|Morocco|Taiwan|France|Switzerland|Uzbekistan|Iceland|Australia|Poland|Malta|Brazil|Bulgaria|Czech|Pakistan|Hong Kong|UK|India|Ukraine|Austria|Nepal|Norway|USA|Canada|Luxembourg|Spain,2878
Budminer,501,Budminer cyberespionage group|Budminercyberespionagegroup,,,0
UNC2891,241,UNC2891,Finance,,0
TA866,141,,,,61
UNC3569,415,,,,0
Wild Neutron,76,Sphinx Moth|Wild Neutron|Morpho|Butterfly|The Postal Group,Finance|HealthCare & Social Assistance,Switzerland|Russia|Kazakhstan|UAE|Algeria|Palestine|Australia|USA|Germany|France|UK|Slovenia|Poland|Canada|Austria|Spain,0
GURU SPIDER,725,,,,0
BRONZE HIGHLAND,211,BRONZE HIGHLAND|Evasive Panda|EvasivePanda|Daggerfly|BRONZEHIGHLAND|BronzeHighland|Bronze Highland,Educational Services|Other|Public Administration|Telecommunications,Tibet|China|Macao|Nigeria|Africa|Malaysia|Vietnam|Myanmar|Taiwan|Hong Kong|India|Philippines,80
IndigoZebra,247,IndigoZebra,,Uzbekistan|Kyrgyzstan|Afghanistan,0
BuhTrap,652,Ratopak Spider|UAC-0008|Buhtrap,Finance|Public Administration,Russia|Ukraine,0
Hammer Panda,585,Zhenbao|TEMP.Zhenbao,,,0
Ayyıldız Tim,702,CrescentandStar|Crescent and Star,,,0
Violin Panda,332,APT 8|APT 20|TH3Bug|Violin Panda|Crawling Taurus,Air Transportation|Construction|Public Administration|Energy & Utilities |Chemical&Pharmaceutical Manufacturing|National Security&International Affairs|Telecommunications|Transportation&Warehousing|Electrical&Electronical Manufacturing|Finance|HealthCare & Social Assistance,China|Mexico|Thailand|USA|Germany|UK|Portugal|Italy|East Asia|Brazil|France|Spain,0
Sima,531,Sima,,This group targets Iranians in diaspora,53
APT42,1,APT42|APT 42|CALANQUE|UNC788,Manufacturing|Public Administration|Educational Services|Energy & Utilities |Justice & Safety Activities|Chemical&Pharmaceutical Manufacturing|National Security&International Affairs|Civic&Social Organizations|Finance|HealthCare & Social Assistance,Europe|UAE|Middle East|Bulgaria|US|Israel|Iran|Australia|Norway|Malaysia|USA|UK|Italy|Ukraine,247
UNC2447,497,UNC2447,,Europe and North America,0
DEV-0147,379,,,South America|Asia|European Union,0
1937CN,633,,,,0
EvilPost,676,,,,0
Dark Caracal,722,Dark Caracal|ATK 27|TAG-CT3,Energy & Utilities |Manufacturing|Finance|Educational Services|HealthCare & Social Assistance|Public Administration|National Security&International Affairs,China|Russia|Germany|Philippines|France|Switzerland|Jordan|Vietnam|Saudi Arabia|Pakistan|Netherlands|India|Italy|South Korea|Venezuela|Nepal|Qatar|Thailand|USA|Lebanon|Syria,247
BRONZE VAPOR,454,,Electrical&Electronical Manufacturing,Taiwan,0
Lotus Blossom,294,STGroup|Lotus BLossom|ST Group|Esile|ATK1|Spring Dragon|LOTUSPANDA|G0030|DRAGONFISH|SpringDragon|Red Salamander|BRONZE ELGIN|LotusBLossom|RedSalamander|BRONZEELGIN,Manufacturing|HealthCare & Social Assistance|Public Administration|National Security&International Affairs,Japan|Indonesia|Vietnam|Hong Kong|Taiwan|Philippines,1023
POISON CARP,148,EvilBamboo|Evil Eye|Earth Empusa|Poison Carp|Red Dev 16,,China|Kazakhstan|Australia|Syria|USA|Canada|Turkey,162
Dalbit,298,Dalbit,Construction|Educational Services|Energy & Utilities |Automotive|Chemical&Pharmaceutical Manufacturing|Agriculture&Forestry|Electrical&Electronical Manufacturing|Other|HealthCare & Social Assistance,South Korea,1394
GRIM SPIDER,599,GOLDULRICK|GOLDULRICK,,,0
Operation Rusty Flag,299,OperationRustyFlag|Operation Rusty Flag,,Azerbaijan,0
Operation Domino,477,Operation Domino|Operation Kremlin,,Belarus,0
Fishing Elephant,526,Fishing Elephant|OutriderTiger|FishingElephant|Outrider Tiger,Public Administration,China|Bangladesh|Germany|Pakistan|Ukraine|Turkey,0
VIKING SPIDER,552,Viking Spider,Energy & Utilities |Construction|HealthCare & Social Assistance|Telecommunications|Automotive,Japan|USA|Portugal|Italy|Greece,0
Storm-0324,659,TA543|DEV-0324|Sagrid,,,36
Mikroceen,286,Mikroceen|SixLittleMonkeys,Mining|Public Administration|Telecommunications|National Security&International Affairs,Belarus|Russia|Central Asia|Mongolia,141
Callisto,27,Star Blizzard|BlueCharlie|COLDRIVER|GOSSAMERBEAR|TA446|SEABORGIUM|StarBlizzard|GOSSAMER BEAR,,,846
AtlasCross,612,AtlasCross,,,0
Caramel Tsunami,549,Candiru|SOURGUM,,,0
GambleForce,365,,,,0
NOCTURNAL SPIDER,486,,,,0
TaskMasters,648,TaskMasters,Energy & Utilities |Construction|Manufacturing|Transportation&Warehousing|Public Administration|Electrical&Electronical Manufacturing,Russia|CIS,0
GOLD PRELUDE,743,UNC1543|TA569,,,1228
Red Charon,737,,,,0
NineBlog,660,NineBlog,Public Administration,"South Asia, Southeast Asia and Middle East",0
APT37,99,ITG10|Red Eyes|APT 37|Ruby Sleet|Crooked Pisces|Group 123|InkySquid|TEMP.Reaper|Ricochet Chollima|Osmium|Hermit|Reaper|ScarCruft|Geumseong121|ATK 4|Moldy Pisces|Cerium|Opal Sleet|Venus 121,Manufacturing|Public Administration|Educational Services|Space & Defense|Automotive|Chemical&Pharmaceutical Manufacturing|Transportation&Warehousing|Electrical&Electronical Manufacturing|Finance|HealthCare & Social Assistance,Romania|China|Nepal|Russia|Japan|Czech|USA|Vietnam|Hong Kong|Kuwait|UK|Poland|India|South Korea,5277
Curious Gorge,479,CuriousGorge|UNC3742|Curious Gorge,Public Administration|National Security&International Affairs|Delivery Services,Russia|Kazakhstan|Mongolia|Ukraine,0
OVERLORD SPIDER,308,,,,0
Careto,28,Careto|Mask|The Mask|Ugly Face,Energy & Utilities |Educational Services|Public Administration,Switzerland|Venezuela|Iran|Libya|Tunisia|USA|Germany|Morocco|South Africa|UK|Poland|Brazil|France|Spain,5193
APT27,522,BRONZEUNION|Group35|ATK15|Emissary Panda|Budworm|RedPhoenix|EmissaryPanda|Iron Tiger|IronTiger|TEMP.Hippo|APT27|TG-3390|BronzeUnion|IronTaurus|BRONZE UNION|ZipToken|Threat Group-3390|EarthSmilodon|LuckyMouse,Manufacturing|Educational Services|Public Administration|Electrical&Electronical Manufacturing|Air Transportation|Telecommunications|Space & Defense|National Security&International Affairs,Turkey|South Korea|Hong Kong|Russia|Middle East|Spain|China|Thailand|Canada|Australia|UK|Mongolia|USA|Taiwan|Tibet|Israel|Iran|Japan|Philippines|Germany|India,0
Earth Kitsune,624,,,,0
DEXTOROUS SPIDER,691,,,,0
UNC3890,248,,,,0
CoralRaider,153,,,,27
KromSec,519,,,,0
MAGNALLIUM,422,Cobalt Trinity|Peach Sandstorm|APT 33|Holmium|Refined Kitten|Yellow Orc|Magnallium|Elfin|Curious Serpens|ATK 35|TA451,Air Transportation|Manufacturing|Public Administration|Educational Services|Energy & Utilities |Chemical&Pharmaceutical Manufacturing|National Security&International Affairs|Electrical&Electronical Manufacturing|Finance|HealthCare & Social Assistance,Israel|Iran|Iraq|USA|UK|Saudi Arabia|South Korea,2169
SINGING SPIDER,690,,,,0
GhostNet,123,Snooping Dragon|GhostNet,Finance|Public Administration,"Brunei|Indonesia|Germany|Taiwan|Cyprus|Philippines|Romania|Barbados|SAARC (South Asian Association for Regional Cooperation), the Asian Development Bank and news organizations|Latvia|Malta|Iran|NATO|Pakistan|Portugal|India|South Korea|Thailand|Bhutan|Bangladesh|ASEAN",1445
Operation Earth Kitsune,470,Operation Earth Kitsune|OperationEarthKitsune,,Worldwide except South Korea,0
Void Rabisu,51,Storm-0978|Tropical Scorpius|Void Rabisu|RomCom|DEV-0978,Manufacturing|Construction|Public Administration|Educational Services|Energy & Utilities |Transportation&Warehousing|Electrical&Electronical Manufacturing|Finance|HealthCare & Social Assistance,,0
Storm-0530,161,DEV-0530|H0lyGh0st,,,0
Webworm,321,Space Pirates|Webworm|SpacePirates,Energy & Utilities |Space & Defense,Russia|Serbia|Mongolia|Georgia,0
Metador,130,,,,0
Storm-0867,575,DEV-0867,,,0
NEODYMIUM,168,Neodymium,,Europe,250
CopyKittens,594,CopyKittens|Slayer Kitten,Educational Services|Public Administration|National Security&International Affairs,Israel|Jordan|USA|Germany|Saudi Arabia|Turkey,3
APT-C-36,404,BlindEagle|APT-C-36|Blind Eagle,Manufacturing|Construction|Public Administration|Educational Services|Restaurants|Energy & Utilities |Justice & Safety Activities|National Security&International Affairs|Mining|Telecommunications|Retail|Other|Finance|HealthCare & Social Assistance,Colombia|Ecuador|Australia|Chile|Georgia|Panama|Singapore|India|Spain,1944
Wet Panda,680,Red Chimera|RedChimera,,,0
RAZOR TIGER,66,T-APT-04|APT-Q-39|Rattlesnake|SideWinder|BabyElephant|HN2|APT-C-17|Razor Tiger|Hardcore Nationalist|GroupA21,Public Administration|National Security&International Affairs,China|Nepal|Sri Lanka|Qatar|Bhutan|Bangladesh|Afghanistan|Pakistan|Myanmar|Turkey,4160
MageCart,98,,,,1825
Higaisa,191,,Public Administration,Switzerland|China|Nepal|Russia|Japan|North Korea|Singapore|Poland,14
Cuboid Sandstorm,484,DEV-0228,,,0
Vanilla Tempest,69,DEV-0832|Vice Society|ViceSociety,,,1
HAFNIUM,738,Operation Exchange Marauder|ATK233|OperationExchangeMarauder|Hafnium|Red Dev 13|G0125|SilkTyphoon|RedDev13|Silk Typhoon,,Worldwide,2
Mustard Tempest,352,DEV-0206|PurpleVallhund|Purple Vallhund,,,0
RevengeHotels,433,RevengeHotels,HealthCare & Social Assistance,Spain|Argentina|Mexico|Thailand|Chile|Costa Rica|Portugal|Italy|Bolivia|Turkey|France|Brazil,0
Copy-Paste,92,,Public Administration,Australia,0
Operation Ghostwriter,118,DEV-0257|PUSHCHA|UNC1151|Operation Ghostwriter|OperationGhostwriter|UAC-0051|Storm-0257|TA445,Educational Services|Public Administration|National Security&International Affairs,Switzerland|Estonia|Colombia|Lithuania|Ireland|Germany|Kuwait|Poland|Latvia|Ukraine|France,0
Mirage Tiger,133,,,Germany,0
ModifiedElephant,410,,Civic&Social Organizations,,0
[Unnamed groups: Iran],217,[Unnamedgroups:Iran]|[Unnamed groups: Iran],Other|Public Administration|Air Transportation|Telecommunications,Bahrain|Indonesia|Malaysia|Morocco|Philippines|Turkey|Kenya|Israel|Sri Lanka|Oman|Kyrgyzstan|Australia|New Zealand|Dubai|Ethiopia|UAE|Colombia|Pakistan|Hong Kong|Kuwait|South Africa|India|Azerbaijan|Fiji|Iraq|Qatar|Thailand|Afghanistan|Egypt|USA|Lebanon|Mauritius|Syria,0
TA459,362,TA459,Finance|Publishing Services|Telecommunications,Belarus|Russia|Mongolia|Central Asia others,0
TAG-56,457,,,,0
Blacktail,224,,,,0
Bignosa,367,,,,0
BiBiGun,503,,,,0
BANISHED KITTEN,515,DUNE|Storm-0842,Educational Services|HealthCare & Social Assistance|Public Administration|Chemical&Pharmaceutical Manufacturing|Electrical&Electronical Manufacturing|Telecommunications|Civic&Social Organizations,Europe|Middle East|Israel|United States,0
TA2541,324,TA2541,Transportation&Warehousing|Air Transportation|Space & Defense|National Security&International Affairs,,1
Kimsuky,65,APT 43|Black Banshee|SharpTongue|Emerald Sleet|Kimsuky|KTA082|ARCHIPELAGO|ITG16|Velvet Chollima|TA406|TA427|Thallium,Energy & Utilities |Manufacturing|Educational Services|HealthCare & Social Assistance|Public Administration|National Security&International Affairs,Europe|Japan|Thailand|USA|Vietnam|South Korea,24576
Guacamaya,673,,,,0
Stolen Pencil,461,,,,0
Denim Tsunami,227,KNOTWEED|DSIRF,,,0
AeroBlade,285,AeroBlade,Space & Defense,USA,0
Storm-1152,190,,,,0
SaintBear,250,Storm-0587|UAC-0056|FROZENVISTA|Nodaria|TA471|UNC2589|SaintBear|Ember Bear|Lorec53|Nascent Ursa,Energy & Utilities |Transportation&Warehousing|Finance|Public Administration,USA|Ukraine|Georgia,179
Operation Harvest,170,OperationHarvest|Operation Harvest,,,0
Big Panda,683,,,,6
FamousSparrow,619,Earth Estries|FamousSparrow|EarthEstries,HealthCare & Social Assistance|Public Administration,Israel|Burkina Faso|Guatemala|Lithuania|Thailand|Taiwan|South Africa|UK|Saudi Arabia|Canada|Brazil|France,0
r00tk1t,576,,,,0
SNOWGLOBE,354,SIG20|ATK 8|Snowglobe|Animal Farm,Public Administration|National Security&International Affairs,China|Russia|Malaysia|Germany|Morocco|Turkey|Israel|New Zealand|Iran|UK|Netherlands|Ukraine|Greece|Austria|Algeria|Iraq|Norway|USA|Cote d'Ivoire|Congo|Syria|Spain,0
APT 5,22,Bronze Fleetwood|Poisoned Flight|Keyhole Panda|TEMP.Bottle|Mulberry Typhoon|Manganese|TG-2754|APT 5,Other|Electrical&Electronical Manufacturing|Telecommunications|National Security&International Affairs,Southeast Asia,5
Operation Layover,578,Operation Layover|OperationLayover,,,0
EvilTraffic,516,OperationEvilTraffic|Operation EvilTraffic,,,0
TurkHackTeam,70,Turk Hack Team|TurkHackTeam,,,0
Tortoiseshell,58,Marcella Flores|UNC1549|Imperial Kitten|Curium|TA456|Crimson Sandstorm|Tortoiseshell|Yellow Liderc|Houseblend,Space & Defense|National Security&International Affairs,Saudi Arabia|UAE|Middle East|USA,211
Lancefly,320,Lancefly,Educational Services|Public Administration|Air Transportation|Telecommunications,South and Southeast Asia,0
Aoqin Dragon,437,UNC94|AoqinDragon|Aoqin Dragon,Educational Services|Public Administration|Telecommunications,Cambodia|Australia|Vietnam|Hong Kong|Singapore,0
Hurricane Panda,394,TG-3551|Deep Panda|APT 19|C0d0so0|Red Pegasus|Sunshop Group|Bronze Firestone|Codoso|Pupa|Hurricane Panda,Manufacturing|Public Administration|Educational Services|Energy & Utilities |Chemical&Pharmaceutical Manufacturing|National Security&International Affairs|Telecommunications|Electrical&Electronical Manufacturing|Finance,USA|Australia,266
MONTY SPIDER,456,,,,0
Silence group,278,ATK 86|Contract Crew|Whisper Spider|TEMP.TruthTeller|Silence|TAG-CR8,Manufacturing|Finance|Public Administration|Chemical&Pharmaceutical Manufacturing,China|Kazakhstan|Russia|Mexico|Indonesia|Gibraltar|Malaysia|Sweden|Germany|Taiwan|Costa Rica|Cyprus|Belgium|Turkey|France|Armenia|Kenya|Romania|Israel|Switzerland|Uzbekistan|Jordan|Sri Lanka|Australia|Ireland|Kyrgyzstan|Chile|Vietnam|Saudi Arabia|Poland|Latvia|Belize|Antigua and Barbuda|Seychelles|Belarus|UAE|Bulgaria|Finland|Ghana|Czech|Croatia|Pakistan|Hong Kong|Jamaica|Moldova|Netherlands|Panama|UK|India|Greece|South Korea|Austria|Ukraine|Azerbaijan|Thailand|Bangladesh|Norway|USA|Serbia|Georgia|Singapore|Canada|Luxembourg|Spain,3552
UNC4841,351,,,,0
LabHost,649,,,,0
COBALT KATANA,150,xHuntcampaign(PaloAlto)|xHunt campaign (Palo Alto)|SectorD01(NHSC)|Hive0081 (IBM)|Hunter Serpens|SectorD01 (NHSC)|HunterSerpens|Hive0081(IBM),,,0
Common Raven,164,NXSMS|Bluebottle|OPERA1ER|DESKTOP-GROUP|Common Raven,Finance|Telecommunications,Senegal|Sierra Leone|Mali|Burkina Faso|Argentina|Benin|Nigeria|Niger|Togo|Bangladesh|Cote d'Ivoire|Cameroon|Paraguay|Gabon|Uganda,93
APT.3102,469,,,,0
GOLD WATERFALL,740,,,,0
Earth Kapre,508,Earth Kapre|EarthKapre|Red Wolf|RedWolf|RedCurl,Construction|Retail|Finance,Russia|Australia|Norway|Germany|UK|Canada|Ukraine,0
WIP26,226,WIP26,Telecommunications,Middle East,0
Edalat-e Ali,615,,,,0
SmugX,500,,,,149
Dropping Elephant,80,APT-C-09|Chinastrats|Patchwork|Dropping Elephant|Quilted Tiger|TG-4410|Capricorn Organisation|Viceroy Tiger|Thirsty Gemini|Zinc Emerson|Monsoon|Maha Grass|Operation HangOver|ATK 11|Neon,Air Transportation|Public Administration|Energy & Utilities |Chemical&Pharmaceutical Manufacturing|National Security&International Affairs|Telecommunications|Finance|HealthCare & Social Assistance,China|Russia|Indonesia|Middle East and Southeast Asia|Germany|Myanmar|Taiwan|Africa and Far East|France|Romania|Israel|Jordan|Sri Lanka|Oman|Cambodia|Poland|UAE|Iran|Pakistan|Kuwait|UK|Panama|India|South Korea|Austria|Nepal|Japan|Thailand|Bangladesh|Norway|USA|Singapore|Canada,264
BadRory,614,,,,0
Operation Titan Rain,550,OperationTitanRain|Operation Titan Rain,Energy & Utilities |Public Administration|National Security&International Affairs,USA|UK,0
Red Dev 17,183,,Energy & Utilities |Electrical&Electronical Manufacturing|National Security&International Affairs,India,0
OnionDog,666,OnionDog,Energy & Utilities |Transportation&Warehousing|Other|Public Administration,South Korea,0
Evil Corp,574,GOLDDRAKE|GOLD DRAKE,,,376
FIN8,368,Syssphinx|FIN8|ATK 113,Agriculture&Forestry|Retail|Finance|HealthCare & Social Assistance,USA|South Africa|Panama|Italy|Canada,268
UNC4191,60,UNC4191,,Philippines,0
GC01,282,GoldenChickens01|Golden Chickens 02|Golden Chickens01|GoldenChickens02|Golden Chickens02|Golden Chickens|Golden Chickens 01|GoldenChickens,,,236
El Machete,662,TEMP.Andromeda|ElMachete|ATK 97|El Machete|Machete|ATK97|APT-C-43|TAG-NS1|machete-apt|G0095,Manufacturing|Public Administration|Educational Services|Energy & Utilities |National Security&International Affairs|Telecommunications|Electrical&Electronical Manufacturing|HealthCare & Social Assistance,"China|Kazakhstan|Russia|Nicaragua|Argentina|Guatemala|Mexico|Malaysia|Sweden|Germany|others|Belgium|Armenia|France|Venezuela, Bolivarian Republic of|Israel|Uzbekistan|Tajikistan|Turkmenistan|Kyrgyzstan|Saudi Arabia|Poland|Bolivia|Brazil|United States|Belarus|Colombia|Moldova, Republic of|Pakistan|UK|Ukraine|South Korea|Venezuela|Russian Federation|Ecuador|Dominican Republic|Thailand|USA|Peru|Canada|Cuba|Spain",1778
Confucious,596,,,,0
Red-Lili,214,,,,0
Grayling,209,Grayling,Manufacturing|Information Services|Public Administration|Chemical&Pharmaceutical Manufacturing|Electrical&Electronical Manufacturing,United States|Solomon Islands|USA|Vietnam|Taiwan|Pacific Islands,68
DEV-0586,109,Cadet Blizzard|DEV-0586|CadetBlizzard|Ruinous Ursa|RuinousUrsa,Public Administration,"Ukraine|Europe, Central Asia and Latin America",0
Keyhole Panda,82,temp.bottle,,,0
REF5961,59,,,,0
Redfly,151,,,,0
TA516,647,,,,0
Lucky Cat,729,Lucky Cat|WhiteDev9|LuckyCat|White Dev 9|TA413,Space & Defense|National Security&International Affairs,Tibet|India|Japan|Malaysia,44
Storm-1084,487,DEV-1084,,,0
Hunters International,77,hive,Retail|Transportation&Warehousing|Educational Services|HealthCare & Social Assistance|Automotive,"Germany|Spain|Korea, Republic of|United Kingdom|Brazil|United States|Canada",1
AppMilad,529,,,,0
RGB-TEAM,587,,,Russia,0
Calypso,637,BronzeMedley|Bronze Medley|BRONZEMEDLEY|BRONZE MEDLEY|Calypso,Public Administration,Belarus|Russia|Kazakhstan|Mongolia|Kyrgyzstan|Thailand|Afghanistan|India|Ukraine|Turkey|Brazil,347
Calypso group,541,,,United Arab Emirates,1
Kinsing,47,MoneyLibra|Money Libra,,,5714
Syrian Electronic Army (SEA),9,ATK 196|Syrian Electronic Army|Deadeye Jackal|TAG-CT2|Syria Malware Team,Retail|Public Administration|Electrical&Electronical Manufacturing|Telecommunications|National Security&International Affairs,Middle East|USA|UK|Canada|France,0
Pusikurac,510,Pusikurac,,,0
Magic Kitten,95,VOYEUR|MagicKitten|Magic Kitten|Group 42|Group42,,Switzerland|UAE|Iraq|Qatar|Thailand|Indonesia|Sweden|Germany|Pakistan|Netherlands|Lebanon|India,0
PLATINUM,44,ATK 33|TwoForOne|Platinum,Finance|Public Administration|Telecommunications|National Security&International Affairs,China|Thailand|Indonesia|Malaysia|Vietnam|Singapore|India,0
UserSec,418,,,,0
TA428,104,Bronze President|Red Lich|Panda|Vicious Panda|Mustang Panda|TEMP.Hex|HoneyMyte|PKPLUG|Bronze Dudley|Stately Taurus|Earth Preta|Camaro Dragon|ThunderCats|TA428,Educational Services|HealthCare & Social Assistance|Public Administration|Air Transportation|Telecommunications,Russia|China|Mongolia|Indonesia|South Sudan|Sweden|Germany|Myanmar|Taiwan|Cyprus|Hungary|Belgium|Philippines|France|Tibet|Australia|Vietnam|Ethiopia|Belarus|Bulgaria|Czech|Pakistan|Hong Kong|South Africa|UK|India|Ukraine|Greece|South Korea|Nepal|Japan|Thailand|Bangladesh|Afghanistan|UN|USA|Slovakia|Singapore|East Asia,5535
Safe,106,Safe,Educational Services|Public Administration|Electrical&Electronical Manufacturing,China|Russia|Mongolia|South Sudan|Malaysia|Hungary|Philippines|Romania|Australia|Saudi Arabia|Brazil|UAE|Bulgaria|Pakistan|India|South Korea|Algeria|Egypt|USA|Serbia|Canada|Syria,1069
Storm-0062,622,DarkShadow|Oro0lxy,,,0
Dark Pink,509,SaaiwcGroup|Saaiwc Group|Dark Pink|DarkPink,Educational Services|Public Administration|National Security&International Affairs,Brunei|Cambodia|Thailand|Indonesia|Malaysia|Vietnam|Belgium|Philippines|Bosnia and Herzegovina,0
RedStinger,340,RedStinger|Bad Magic|CloudWizard,Agriculture&Forestry|Transportation&Warehousing|Public Administration|National Security&International Affairs,Ukraine,0
Altahrea Team,629,,,,0
Putter Panda,573,Putter Panda|Sulphur|Group 36|TG-6952|SearchFire|APT 2,Public Administration|Electrical&Electronical Manufacturing|National Security&International Affairs,USA,1389
GhostEmperor,265,GhostEmperor,Public Administration|Telecommunications,Thailand|Afghanistan|Egypt|Indonesia|Malaysia|Vietnam|Southeast Asia|Ethiopia,0
Ruby Sleet,421,CERIUM,,,0
Hagga,444,Aggah|TH-157,Manufacturing|Public Administration|Educational Services|Automotive|Retail|Electrical&Electronical Manufacturing|HealthCare & Social Assistance,Bahrain|Russia|China|Sweden|Germany|Taiwan|France|Romania|Israel|Ireland|Saudi Arabia|Brazil|UAE|UK|India|Italy|South Korea|Austria|Japan|Norway|Egypt|USA|Canada|Spain,806
Gnosticplayers,305,,,,0
SectorJ04,708,,,,0
REF2924,56,,,,0
Sphinx,372,APT-C-15|Sphinx,,Israel|Egypt,924
TA2722,450,Balikbayan Foxes|TA2722|BalikbayanFoxes,Energy & Utilities |Manufacturing|Finance|Chemical&Pharmaceutical Manufacturing,USA|Europe and Southeast Asia,0
Blue Tsunami,530,Black Cube|BlackCube,,,0
RANCOR,471,Rancor Group|Rancor Taurus|Rancor,Public Administration|Civic&Social Organizations,Southeast Asia|Vietnam|Cambodia|Singapore,364
Viking Jackal,179,Vikingdom,,,0
DEV-0928,571,,,,0
PerSwaysion,341,,,,0
BlackTech,289,Palmerworm|Earth Hundun|TEMP.Overboard|Radio Panda|BlackTech|Manga Taurus|Circuit Panda|T-APT-03|Red Djinn,Construction|Finance|HealthCare & Social Assistance|Public Administration|Electrical&Electronical Manufacturing,China|Japan|USA|Hong Kong|Taiwan,44
Bookworm,331,Bookworm,Public Administration|National Security&International Affairs,Thailand,0
Scarred Manticore,88,,,,0
GoldenJackal,448,GoldenJackal,Public Administration,Azerbaijan|Algeria|Iran|Iraq|Mexico|Afghanistan|Egypt|Indonesia|Germany|Pakistan|Peru|India|Turkey|Brazil,95
Ferocious Kitten,538,Ferocious Kitten,,,0
Infy,364,Prince of Persia|Infy|Operation Mermaid|APT-C-07,Public Administration,Bahrain|Russia|China|Sweden|Germany|Turkey|France|Romania|Israel|Saudi Arabia|Denmark|Iran|UK|Netherlands|India|Italy|Azerbaijan|Iraq|USA|Canada|Syria,5841
APT-C-34,654,GoldenFalcon|GoldenFalcon,,,0
APT-C-12,116,Sapphire Mushroom|BlueMushroom|SapphireMushroom|Blue Mushroom|NuclearCrisis,Public Administration|Educational Services|National Security&International Affairs|Other|Finance,,0
CyberNiggers,391,,,,0
TunnelSnake,674,,,,0
ANTHROPOID SPIDER,671,CobaltGoblin|CobaltGoblin|EmpireMonkey|EmpireMonkey,,,0
ArcaneDoor,97,,Public Administration,,32
ShadowSyndicate,539,,,,0
Storm-1099,565,,,,0
PowerPool,127,IAmTheKing|PowerPool,,Russia|Chile|Malaysia|USA|Germany|others|UK|Poland|India|Ukraine|Philippines,1451
Operation NightScout,346,,,,0
Keksec,462,,,,0
Storm-1101,597,DEV-1101,,,0
Operation Potao Express,205,Operation Potao Express|OperationPotaoExpress,,Belarus|Russia|Ukraine|Georgia,0
Operation Electric Powder,580,OperationElectricPowder|Operation Electric Powder,Energy & Utilities ,Israel,0
CiberInteligenciaSV,291,,,,0
Taidoor,728,Taidoor|Earth Aughisky|Budminer,Public Administration,Japan|USA|Taiwan|South Korea|Brazil,551
NoName057(16),34,05716nnm|Nnm05716|NoName057|NoName05716,Manufacturing|Public Administration|Educational Services|Restaurants|Energy & Utilities |Insurance|National Security&International Affairs|Telecommunications|Transportation&Warehousing|Electrical&Electronical Manufacturing|Banking|Finance|HealthCare & Social Assistance|Delivery Services,"China|Argentina|Lithuania|United Kingdom|Malaysia|Sweden|Germany|France|Ireland|Poland|Latvia|Denmark|Finland|NATO|Netherlands|Italy|Ukraine|Austria|Estonia|Russian Federation|Japan|Bangladesh|Norway|Slovakia|Czech Republic|Singapore|Korea, Republic of|Canada|Spain",31775
Sabre Panda,697,,,,0
Red Menshen,322,RedDev18|Red Dev 18,Educational Services|Public Administration|Delivery Services,"Middle East|Asia|Hong Kong|Myanmar|Korea, Republic of|India|Turkey",42
Operation Groundbait,270,Operation Groundbait|OperationGroundbait,Public Administration,Ukraine,0
Gelsemium,55,狼毒草|Gelsemium,Public Administration|Educational Services|National Security&International Affairs|Civic&Social Organizations|Electrical&Electronical Manufacturing|Other|Arts & Entertainment,Djibouti|Russia|China|Mongolia|Lao People's Democratic Republic|Argentina|Yemen|Brunei|Indonesia|Malaysia|Taiwan|Turkey|Kenya|Israel|Swaziland|Jordan|Sri Lanka|Oman|Vietnam|Saudi Arabia|UAE|Iran|Laos|Pakistan|Hong Kong|UK|Kuwait|South Korea|Russian Federation|Japan|North Korea|Iraq|Nigeria|Thailand|Gaza|Equatorial Guinea|Egypt|Lebanon|Syria,61
TA578,568,,,,128
Cyber Berkut,528,Cyber Berkut|Kiberberkut,Finance|Public Administration|National Security&International Affairs,Estonia|NATO|USA|Germany|Ukraine,0
CHERNOVITE,465,,,,0
Corsair Jackal,705,TunisianCyberArmy,,,0
ShaggyPanther,146,ShaggyPanther,Public Administration,Syria|Taiwan|Indonesia|Malaysia,0
PKPLUG,602,,,,279
UNC5266,408,,,,0
Scarab,165,UAC-0026|Scarab,,"Russia|Kazakhstan|Mexico|Armenia|Israel|Uzbekistan|Tajikistan|Turkmenistan|Kyrgyzstan|Poland|Brazil|United States|Belarus|Moldova, Republic of|Ukraine|Russian Federation|Thailand|USA|Syria",263
Threat Group-1314,155,TG-1314,,,0
Inception Framework,62,Blue Odin|Inception Framework|Oxygen|ATK 116|The Rocra|Clean Ursa|Cloud Atlas,Mining|Energy & Utilities |Finance|Public Administration|Space & Defense|National Security&International Affairs,Russia|Kazakhstan|Lithuania|Indonesia|Malaysia|Germany|Morocco|Cyprus|Slovenia|Belgium|Mozambique|Turkey|France|Armenia|Kenya|Romania|Switzerland|Uzbekistan|Tajikistan|Jordan|Oman|Kyrgyzstan|Turkmenistan|Suriname|Vietnam|Saudi Arabia|Brazil|Uganda|Belarus|UAE|Iran|Tanzania|Pakistan|Moldova|South Africa|Portugal|India|Italy|Greece|Ukraine|Austria|Venezuela|Azerbaijan|Qatar|Afghanistan|USA|Georgia|Paraguay|Lebanon|Congo,423
Watchdog,8,ThiefLibra|Thief Libra,,,129
FusionCore,252,,,,24798
RTM,396,RTM,,Russia|Kazakhstan|Czech|Germany|Ukraine,53
leetMX,111,leetMX,,Argentina|Guatemala|Mexico|USA|El Salvador|Costa Rica,1955
Confucius,220,Confucius,,"Russia|Trinidad and Tobago|Mongolia|Indonesia|France|most of the South and Southeast Asian countries, most of the Middle Eastern countries and most of the African countries|Poland|UAE|Iran|Pakistan|UK|India|Italy|Ukraine|Azerbaijan|Bangladesh|USA|Slovakia|Spain",4489
Boulder Bear,534,,,,0
YoroTrooper,628,SaltedEarth|SturgeonFisher|Salted Earth|Sturgeon Fisher|YoroTrooper,Energy & Utilities |Public Administration,Europe|Azerbaijan|Kazakhstan|Tajikistan|Kyrgyzstan|Turkmenistan|Germany|Turkey,39
Earth Longzhi,608,SnakeCharmer,,,0
Predator Panda,689,,,,0
SilverFish,646,,,,0
Tempting Cedar Spyware,459,TemptingCedarSpyware|Tempting Cedar Spyware,,China|Israel|USA|Germany|France,0
POISONUS PANDA,681,,,,0
RATicate,215,RATicate,Manufacturing|Other|Telecommunications,Switzerland|Romania|Japan|Europe and Middle East|UK|Kuwait|South Korea,632
UTA0178,425,UNC5221|UTA0178,,Worlwide,61
Comment Crew,40,Byzantine Candor|BrownFox|TG-8223|Comment Panda|Shanghai Group|APT 1|Byzantine Hades|GIF89a|Group 3|Comment Crew,Manufacturing|Construction|Public Administration|Educational Services|Space & Defense|Energy & Utilities |Chemical&Pharmaceutical Manufacturing|National Security&International Affairs|Mining|Telecommunications|Transportation&Warehousing|Agriculture&Forestry|Electrical&Electronical Manufacturing|Finance|HealthCare & Social Assistance,Switzerland|UAE|Israel|Japan|Norway|USA|Vietnam|France|Taiwan|Singapore|South Africa|UK|Belgium|India|Canada|South Korea|Luxembourg,2000
DarkHotel,563,ATK 52|Higaisa|CTG-1948|Zigzag Hail|SIG25|Tungsten Bridge|Fallout Team|Shadow Crane|APT-C-06|Dubnium|DarkHotel|Luder|T-APT-02,Manufacturing|Public Administration|Energy & Utilities |Chemical&Pharmaceutical Manufacturing|National Security&International Affairs|Electrical&Electronical Manufacturing|Other|Finance|HealthCare & Social Assistance,"China|Kazakhstan|Russia|Mexico|Indonesia|Malaysia|Germany|Taiwan|others|Belgium|Philippines|Mozambique|Turkey|Armenia|Israel|Uzbekistan|Tajikistan|Turkmenistan|Ireland|Kyrgyzstan|Vietnam|Saudi Arabia|Ethiopia|Poland|Brazil|Belarus|UAE|Moldova, Republic of|Pakistan|Hong Kong|UK|India|Italy|Greece|Ukraine|South Korea|Russian Federation|Japan|Bahamas|North Korea|Thailand|Bangladesh|Afghanistan|USA|Serbia|Singapore|Lebanon",2146
EMISSARY PANDA,3,Group 35|TEMP.Hippo|Iron Taurus|ZipToken|Iron Tiger|APT 27|Bronze Union|LuckyMouse|Emissary Panda|TG-3390|Earth Smilodon|ATK 15|Budworm|Red Phoenix,Manufacturing|Educational Services|Public Administration|Electrical&Electronical Manufacturing|Air Transportation|Telecommunications|Space & Defense|National Security&International Affairs,Thailand|UK|USA|China|India|Australia|Turkey|Japan|Middle East|Canada|Germany|Israel|Mongolia|Spain|South Korea|Iran|Taiwan|Tibet|Philippines|Hong Kong|Russia,1821
Storm-0558,301,Storm-0558,Public Administration|Telecommunications,Europe|USA|Germany|United States,0
The Big Bang,523,The Big Bang,,Middle East|Palestine,0
Operation C-Major,83,Earth Karkaddan|STEPPY-KAVACH|Copper Fieldstone|ProjectM|Mythic Leopard|APT 36|Transparent Tribe|TEMP.Lapis|Green Havildar|APT-C-56,Educational Services|Public Administration|National Security&International Affairs,China|Kazakhstan|Mongolia|Malaysia|Sweden|Germany|Belgium|Turkey|Kenya|Romania|Oman|Australia|Botswana|Saudi Arabia|UAE|Bulgaria|Iran|Czech|Pakistan|UK|Netherlands|India|Austria|Azerbaijan|Nepal|Japan|Thailand|Afghanistan|USA|Canada|Spain,644
Operation Kabar Cobra,699,,,,0
APT39,335,APT 39|ITG07|Remix Kitten|Chafer|Cobalt Hickman|Radio Serpens|TA454,Transportation&Warehousing|Public Administration|Electrical&Electronical Manufacturing|Air Transportation|Telecommunications,Middle East|UAE|Israel|Jordan|USA|Kuwait|Saudi Arabia|Turkey|Spain,131
WIP19,156,,,,0
luoxk,703,,,,0
Bahamut,355,Bahamut,,UAE|Palestine|Iran|Qatar|Egypt|Tunisia|Pakistan|Turkey,2664
Pickaxe,598,PryingLibra|Prying Libra,,,0
Operation DRBControl,137,,,,0
People's Cyber Army of Russia,473,,,,0
Shadow Network,489,Shadow Network,Educational Services|Public Administration,China|Russia|Mexico|Lithuania|Malaysia|Sweden|Germany|Taiwan|Philippines|France|Romania|Tibet|Israel|Australia|Vietnam|New Zealand|Papua New Guinea|UAE|Pakistan|Hong Kong|UK|Netherlands|Italy|India|Greece|South Korea|Azerbaijan|Nepal|Japan|Qatar|Thailand|Afghanistan|USA|Canada,0
RansomVC,480,Ransomed.vc,,,0
STORM-1849,213,UAT4356,,,0
APT 22,375,G0039|BRONZE OLIVE|Group 46|Suckfly,,,0
SideWinder,67,RAZORTIGER|Rattlesnake|APT-C-17|T-APT-04,Retail|Finance|HealthCare & Social Assistance|Public Administration|Chemical&Pharmaceutical Manufacturing|Electrical&Electronical Manufacturing,India,466
TA547,472,,,,41
The White Company,222,The White Company,Public Administration|National Security&International Affairs,Pakistan,0
Threatsec,307,,,,0
Void Manticore,89,,,,0
GoldFactory,345,,,,0
Operation EmailThief,398,TEMP_Heretic|Operation EmailThief,Public Administration,Europe,0
FASTCash,745,,,,184
LYCEUM,402,HEXANE|YellowDev9|MYSTICDOME|COBALTLYCEUM|Lyceum|ATK120|ATK 120|siamesekitten|Hexane|COBALT LYCEUM|UNC1530|Yellow Dev 9|CobaltLyceum|Chrono Kitten|Cobalt Lyceum|ChronoKitten|Siamesekitten|Spirlin|Storm-0133,Air Transportation|Manufacturing|Public Administration|Educational Services|Energy & Utilities |National Security&International Affairs|Mining|Telecommunications|Agriculture&Forestry|Electrical&Electronical Manufacturing|Banking|Finance|Professional&Technical Services|HealthCare & Social Assistance,"Senegal|Burkina Faso|Morocco|Venezuela, Bolivarian Republic of|Kenya|Israel|Mali|Tunisia|Saudi Arabia|Ethiopia|Middle East, Central Asia and Africa|Middle East|UAE|Ghana|Pakistan|South Africa|Kuwait|Nigeria|Egypt|Angola",330
Fxmsp,569,,,,0
SCULLY SPIDER,507,,,,0
Operation Ghoul,244,Operation Ghoul,Manufacturing|Educational Services|Other|Chemical&Pharmaceutical Manufacturing,China|Gibraltar|Sweden|Germany|Taiwan|Turkey|France|Romania|Switzerland|Saudi Arabia|UAE|Iran|Pakistan|UK|Portugal|India|Italy|Azerbaijan|Iraq|Qatar|Egypt|USA|Spain,0
Rebel Jackal,180,FallagaTeam,,,0
ITG18,520,ITG18,Public Administration|Chemical&Pharmaceutical Manufacturing|National Security&International Affairs,USA,17
Prophet Spider,149,GOLD MELODY|UNC961|GOLDMELODY,,,38
Operation LiberalFace,337,Operation LiberalFace|MirrorFace,Public Administration,Japan,0
Xiaoqiying,275,Genesis Day|Teng Snake|TengSnake|GenesisDay,,,0
APT 6,411,APT 6|1.phpGroup|1.php Group|APT6,Public Administration,USA,0
Prolific Puma,644,,,,86
IXESHE,517,CTG-8223|DNSCalc|BeeBus|Numbered Panda|Group 22|APT 12|Crimson Iron|Calc Team|Bronze Globe|DynCALC,Public Administration|Electrical&Electronical Manufacturing|Telecommunications|National Security&International Affairs,Japan|USA|Germany|Taiwan|East Asia,436
BelialDemon,187,Matanbuchus,,,6083
Operation Emmental,317,Retefe Group|Retefe Gang|RetefeGang|RetefeGroup,,,0
Roaming Tiger,4,BronzeWoodland|RoamingTiger|Bronze Woodland|RottenTomato|Roaming Tiger|BRONZE WOODLAND|CTG-7273|BRONZEWOODLAND|Rotten Tomato,,Belarus|Russia|Kazakhstan|Uzbekistan|Tajikistan|Kyrgyzstan|Ukraine,0
Libyan Scorpions,635,Libyan Scorpions,,Libya,0
TAG-38,460,TAG-38,Energy & Utilities ,India,0
TA2101,732,Gold Village|Twisted Spider|TA2101|Maze Team,Manufacturing|Construction|Public Administration|Educational Services|Energy & Utilities |Mining|Telecommunications|Transportation&Warehousing|Retail|Electrical&Electronical Manufacturing|Finance|HealthCare & Social Assistance,Thailand|USA|Germany|Costa Rica|UK|Italy|Canada|South Korea|France,0
Operation Comando,557,Operation Comando,HealthCare & Social Assistance,Brazil,0
DarkVishnya,640,,,,0
DiceyF,420,,,,0
GOLD SKYLINE,385,,,,0
Operation Parliament,302,Operation Parliament,Public Administration|Educational Services|Energy & Utilities |National Security&International Affairs|Civic&Social Organizations|Telecommunications|Finance|HealthCare & Social Assistance|Arts & Entertainment,Djibouti|Russia|United Kingdom|Germany|Morocco|Lebonon|Israel|Jordan|Oman|Chile|Somalia|Saudi Arabia|Denmark|United States|UAE|Palestine|Iran|UK|Kuwait|India|South Korea|United Arab Emirates|Iraq|Qatar|Afghanistan|Egypt|USA|Serbia|Lebanon|Canada|Syria,0
UAC-0118,318,FRwL|FromRussiaWithLove,,,0
Group5,129,Group5,,Syria,0
XDSpy,306,XDSpy,Public Administration,Belarus|Russia|Serbia|Moldova|Ukraine,0
Earth Berberoka,135,Earth Berberoka|GamblingPuppet|EarthBerberoka,Educational Services|Electrical&Electronical Manufacturing|Information Services|Banking|Betting,China|Malaysia|Southeast Asia|Hong Kong|Taiwan|United States,29
BazarCall,276,BazzarCall|BazaCall,,,506
Witchetty,329,LookingFrog,,,1364
Poseidon Group,716,Poseidon Group,Energy & Utilities |Manufacturing|Finance|Public Administration|Telecommunications,UAE|Russia|Kazakhstan|USA|India|Brazil|France,1955
ResumeLooters,664,,,,17
Slingshot,478,Slingshot,,Kenya|Sudan|Jordan|Yemen|Iraq|Libya|Afghanistan|Tanzania|Somalia|Congo|Turkey,1801
Predatory Sparrow,744,Gonjeshke Darande|GonjeshkeDarande|Indra,Manufacturing|Energy & Utilities |National Security&International Affairs|Transportation&Warehousing|Electrical&Electronical Manufacturing|HealthCare & Social Assistance,"Belarus|Russian Federation|Uzbekistan|Tajikistan|Moldova, Republic of|Iran|Israel|Kazakhstan|Mexico|Thailand|Kyrgyzstan|Turkmenistan|Poland|Ukraine|Syria|Armenia|Brazil",1573
APT-C-60,300,APT-Q-12,,,0
Mirage,11,Bronze Idlewood|Royal APT|Metushy|Bronze Davenport|Playful Dragon|Social Network Team|Nylon Typhoon|Vixen Panda|APT 15|Nickel|GREF|Red Vulture|Playful Taurus|Bronze Palace|BackdoorDiplomacy|Flea|Ke3chang|CTG-9246,Air Transportation|Manufacturing|Public Administration|Space & Defense|Energy & Utilities |Chemical&Pharmaceutical Manufacturing|National Security&International Affairs|Mining|Telecommunications|Electrical&Electronical Manufacturing|Other,China|Kazakhstan|Trinidad and Tobago|Argentina|Guatemala|Montenegro|Mexico|Indonesia|Malaysia|Germany|Hungary|Belgium|Turkey|France|Switzerland|Uzbekistan|Mali|Sri Lanka|Chile|Barbados|Honduras|Poland|Saudi Arabia|Brazil|UAE|Bulgaria|Ghana|Colombia|Iran|Czech|Croatia|Albania|Pakistan|Jamaica|Kuwait|Panama|South Africa|Portugal|India|Italy|UK|Namibia|Venezuela|Ecuador|Nigeria|Dominican Republic|Bhutan|Libya|Afghanistan|Egypt|USA|Slovakia|El Salvador|Georgia|Peru|Syria|Bosnia and Herzegovina,1106
MoneyTaker,718,MoneyTaker,Finance,Russia|USA|UK,0
BlackJack,656,,,,0
OilAlpha,485,TAG-41|OilAlpha|TAG-62,,,0
RedDelta,547,TA416|RedDelta,Public Administration|Telecommunications,China|Czech|Australia|India|Indonesia|USA|Slovakia|Germany|Hong Kong|Myanmar|Vietnam|Ethiopia|Italy|Ukraine|Spain,1664
PhantomControl,466,,,,0
FIN5,727,FIN5,HealthCare & Social Assistance|Arts & Entertainment,,0
Operation Wocao,255,,,,0
TA2552,380,TA2552,,,0
Blackatom,607,,Transportation&Warehousing|National Security&International Affairs,Israel,0
UNC3524,228,,,,7
Eloquent Panda,695,,,,0
Tortilla,430,Tortilla,,Finland|Thailand|USA|Germany|UK|Honduras|Ukraine|Brazil,0
Cyber Toufan,145,,,,0
Blackgear,184,Comnie|BLACKGEAR|Topgear|Blackgear,,Japan|South Korea|Taiwan,1389
OUTLAW SPIDER,670,,,,0
PIZZO SPIDER,685,Ambiorx|DD4BC,,,0
WIZARD SPIDER,158,Grim Spider|ITG23|Periwinkle Tempest|Wizard Spider|Gold Blackburn|Gold Ulrick|DEV-0193|TEMP.MixMaster,Finance|HealthCare & Social Assistance|Public Administration|Telecommunications|National Security&International Affairs,Worldwide,278
TA554,260,TH-163,,,6
Cyber Caliphate Army (CCA),416,Cyber Caliphate Army (CCA)|ATK 133|United Cyber Caliphate (UCC)|TAG-CT6|Islamic State Hacking Division,Public Administration|National Security&International Affairs,USA|Australia|Canada|UK,0
GOLD BURLAP,733,CYBORG SPIDER|CYBORGSPIDER,HealthCare & Social Assistance,,0
Night Dragon,107,Night Dragon,Mining|Energy & Utilities |Chemical&Pharmaceutical Manufacturing,Kazakhstan|USA|Taiwan|Netherlands|Greece,0
TwoSail Junk,284,TwoSail Junk|Operation Poisoned News,,Hong Kong,0
CyberAv3ngers,554,CyberAv3ngers,Other,USA|Israel|Ireland,0
Shadow Academy,464,Shadow Academy|ShadowAcademy,Educational Services,USA|Afghanistan|Australia|UK,0
TA575,334,,,,0
UNC5337,413,,,,0
UNC3886,121,,,,0
Team-Xecuter,603,,,,0
Gamaredon Group,132,Callisto|Actinium|Trident Ursa|Iron Tilden|SectorC08|DEV-0157|Primitive Bear|Gamaredon Group|BlueAlpha|Shuckworm|Aqua Blizzard|Armageddon|Blue Otso|UAC-0010|Winterflounder,Public Administration|National Security&International Affairs,China|Kazakhstan|Russia|Guatemala|Indonesia|Malaysia|Sweden|Germany|Turkey|Romania|Israel|Australia|Chile|Vietnam|Papua New Guinea|Honduras|Poland|Latvia|Brazil|Denmark|Colombia|Iran|Croatia|Albania|Pakistan|South Africa|Netherlands|UK|Portugal|India|Italy|South Korea|Ukraine|Austria|Japan|Nigeria|Bangladesh|Norway|USA|Georgia|Canada|Spain,13589
XakNet,386,UAC-0100|UAC-0106,,,0
SideCopy,376,SideCopy,,India,573
Pacha Group,610,,,,0
MirrorFace,230,,,,0
Mofang,26,Superman|BRONZEWALKER|Superman|BRONZEWALKER,Other|Public Administration,United States|India|Singapore|South Korea|Germany|Canada|Myanmar,0
Kiss-a-Dog,259,,,,0
N4ughtysecTU,397,,,,0
INDRIK SPIDER,714,Indrik Spider|Blue Lelantos|Evil Corp|DEV-0243|Gold Drake|Gold Winter|Manatee Tempest|UNC2165,Finance|HealthCare & Social Assistance|Public Administration,Worldwide,287
Earth Yako,532,OperationRestyLink|Earth Yako|Operation Enelink|Enelink|EarthYako|OperationEnelink|Operation RestyLink,,Japan,0
TEMP.Hermit,144,,,,31
Urpage,229,Urpage,,Pakistan,174
Xcatze,203,,,,0
GCHQ,45,GCHQ|GovernmentCommunicationsHeadquarters|Government Communications Headquarters,Public Administration|Telecommunications,Belgium|UK,20
BlueBottle,499,,,,0
HomeLand Justice,86,HomeLand Justice,,Albania,0
SPIKEDWINE,513,,,,0
LightBasin,348,TH-239|DecisiveArchitect|CL-CRI-0025|UNC1945|LightBasin,Finance|Telecommunications,,45
Dust Storm,382,Dust Storm,Mining|Energy & Utilities ,Japan|USA|Europe and Southeast Asia|South Korea,0
Storm-1283,579,,,,0
Sea Turtle,12,COSMIC WOLF|CosmicWolf|UNC1326|Sea Turtle|Teal Kurma|COSMICWOLF|SeaTurtle|TealKurma|Silicon|Cosmic Wolf|SILICON|MarbledDust|Marbled Dust,Energy & Utilities |Public Administration|Telecommunications|Space & Defense|National Security&International Affairs,Switzerland|UAE|Sudan|Jordan|Iraq|Libya|Syria|Egypt|Albania|USA|Sweden|Germany|Cyprus|Netherlands|Lebanon|Greece|Turkey|Armenia,64
UAC-0149,64,,,,0
Nexus Zeta,546,,,,0
Worok,463,Worok,Energy & Utilities |Finance|Public Administration|Telecommunications,China|Kazakhstan|Mongolia|Southern Africa|Yemen|Indonesia|Malaysia|Southeast Asia|Myanmar|Philippines|Turkey|Uzbekistan|Tajikistan|Oman|Cambodia|Turkmenistan|Kyrgyzstan|The Middle East|Vietnam|Botswana|Saudi Arabia|UAE|Iran|Laos|South Africa|Central Asia|South Korea|Namibia|Japan|North Korea|Iraq|Thailand|Singapore|Lebanon|East Asia|Syria,0
Operation Epic Manchego,177,Operation Epic Manchego|OperationEpicManchego,,China|Uruguay|Malaysia|Sweden|Germany|Hungary|France|Romania|Vietnam|Poland|Bulgaria|Czech|UK|Netherlands|Italy|Ukraine|South Korea|Japan|USA|Canada,0
MALLARD SPIDER,551,MallardSpider|Mallard Spider|GOLD LAGOON|GoldLagoon|Gold Lagoon|GOLDLAGOON,,,164
Camaro Dragon,609,,,,24
Toxic Panda,704,,,,0
Sunglow Blizzard,426,DEV-0665,,,0
Killnet,605,,"Electrical Equipment, Appliance, and Component Manufacturing|Public Administration|Educational Services|Energy & Utilities |National Security&International Affairs|Mining|Telecommunications|Transportation&Warehousing|Electrical&Electronical Manufacturing|Banking|Other|Finance|HealthCare & Social Assistance|Arts & Entertainment|Delivery Services",Lithuania|Germany|Philippines|France|Romania|Israel|Australia|Poland|Latvia|Denmark|United States|Portugal|Italy|India|Ukraine|Estonia|Russian Federation|Norway|Czech Republic|Georgia|Singapore|Canada,415
UNC2659,196,,,,0
UAC-0094,548,,,,0
TeamXRat,154,CorporationXRat|CorporacaoXRat,,,1389
TA410,269,,,,1397
Storm-1113,383,,,,0
TeamTNT,427,AdeptLibra|Adept Libra,,,3898
Attor,717,,Other|Public Administration|Telecommunications,,61
Lilac Typhoon,617,DEV-0234,,,0
Desorden Group,584,,,,0
ShinyHunters,75,,,,0
RIDDLE SPIDER,117,Riddle Spider|Avaddon Team,,China|Russia|Indonesia|Germany|Costa Rica|Belgium|France|Switzerland|Jordan|Australia|Poland|Brazil|UAE|Czech|Worldwide|UK|Portugal|India|Italy|South Korea|Japan|Thailand|USA|Peru|Canada|Spain,0
DustSquad,235,DustSquad|APT-C-34|Nomadic Octopus|Golden Falcon,Public Administration|National Security&International Affairs,Central Asia|Kazakhstan|Afghanistan,0
CIA,46,CIA|Central Intelligence Agency|CentralIntelligenceAgency,,Worldwide,3916
SharpPanda,78,SharpPanda,Public Administration,Thailand|Indonesia|Southeast Asia|Vietnam|Germany,0
Packrat,93,Packrat,Public Administration,Venezuela|Brazil|Argentina|Ecuador,0
ProCC,643,,,,0
APT31,23,Zirconium|Redkeres|JUDGMENTPANDA|Red keres|BRONZEVINEWOOD|JUDGMENT PANDA|ZIRCONIUM|TA412|VioletTyphoon|Violet Typhoon|BRONZE VINEWOOD,,,93
UNC2452,147,,,,510
Blue Termite,589,Blue Termite|Cloudy Omega,Construction|Public Administration|Educational Services|Energy & Utilities |Automotive|Chemical&Pharmaceutical Manufacturing|Telecommunications|Transportation&Warehousing|Agriculture&Forestry|Electrical&Electronical Manufacturing|Other|Finance|HealthCare & Social Assistance,Japan,1598
GOLD FAIRFAX,627,,,,0
Honeybee,623,Honeybee,,Japan|Argentina|Indonesia|Vietnam|Singapore|Canada|South Korea,0
KAX17,326,,,,0
Cyber Partisans,667,,,,0
The Shadow Brokers,514,TSB|Shadow Brokers|The ShadowBrokers|ShadowBrokers|TheShadowBrokers,,,107
Operation Poison Needles,163,Operation Poison Needles,HealthCare & Social Assistance,Russia,0
Madi,162,Mahdi|Madi,Mining|Finance|Educational Services|Other|Public Administration,Switzerland|Israel|Iran|Ecuador|Iraq|Australia|USA|Vietnam|New Zealand|Pakistan|Saudi Arabia|Mozambique|Greece|United States,0
Tonto Team,32,Earth Akhlut|LoneRanger|Tonto Team|Karma Panda|CactusPete|Bronze Huntley|TAG-74|HeartBeat|HartBeat,Finance|Public Administration|National Security&International Affairs,Russia|Japan|Mongolia|Eastern Europe|USA|Taiwan|India|South Korea,133
Operation BugDrop,160,Operation BugDrop,Mining|Other,Saudi Arabia|Russia|Ukraine|Austria,0
UNC2717,561,,,,0
[Unnamed groups: China],366,[Unnamedgroups:China]|[Unnamed groups: China],Public Administration|National Security&International Affairs,Japan|Cambodia|USA|Myanmar|Taiwan|Netherlands|Worlwide,0
TianWu,261,,Public Administration|Mining|Telecommunications|Transportation&Warehousing|Information Services|Other|Betting|Arts & Entertainment,China|Kazakhstan|Hong Kong|Taiwan|Philippines,0
Storm-0835,274,,,,0
NB65,591,Network Battalion 65|NetworkBattalion65|NB65,,Russia,0
BITWISE SPIDER,675,,,,45